date,instrument_id,instrument_description,asset_class,price,yield_pct,spread_bps,implied_vol_pct,px_bid,px_ask,px_mid,price_type,source,last_update_utc
2025-01-14,DEMO-CDS-018,Synthetic sovereign five-year CDS,CREDIT,,,67.097865,,,,,SPREAD,SYNTHETIC_GENERATOR,2025-01-14T06:15:00Z
2025-01-15,DEMO-CDS-018,Synthetic sovereign five-year CDS,CREDIT,,,65.893797,,,,,SPREAD,SYNTHETIC_GENERATOR,2025-01-15T06:15:00Z
2025-01-16,DEMO-CDS-018,Synthetic sovereign five-year CDS,CREDIT,,,64.608913,,,,,SPREAD,SYNTHETIC_GENERATOR,2025-01-16T06:15:00Z
2025-01-17,DEMO-CDS-018,Synthetic sovereign five-year CDS,CREDIT,,,64.360465,,,,,SPREAD,SYNTHETIC_GENERATOR,2025-01-17T06:15:00Z
2025-01-20,DEMO-CDS-018,Synthetic sovereign five-year CDS,CREDIT,,,65.673514,,,,,SPREAD,SYNTHETIC_GENERATOR,2025-01-20T06:15:00Z
2025-01-21,DEMO-CDS-018,Synthetic sovereign five-year CDS,CREDIT,,,65.484059,,,,,SPREAD,SYNTHETIC_GENERATOR,2025-01-21T06:15:00Z
2025-01-22,DEMO-CDS-018,Synthetic sovereign five-year CDS,CREDIT,,,64.973233,,,,,SPREAD,SYNTHETIC_GENERATOR,2025-01-22T06:15:00Z
2025-01-23,DEMO-CDS-018,Synthetic sovereign five-year CDS,CREDIT,,,65.989759,,,,,SPREAD,SYNTHETIC_GENERATOR,2025-01-23T06:15:00Z
2025-01-24,DEMO-CDS-018,Synthetic sovereign five-year CDS,CREDIT,,,65.379702,,,,,SPREAD,SYNTHETIC_GENERATOR,2025-01-24T06:15:00Z
2025-01-27,DEMO-CDS-018,Synthetic sovereign five-year CDS,CREDIT,,,66.476166,,,,,SPREAD,SYNTHETIC_GENERATOR,2025-01-27T06:15:00Z
2025-01-28,DEMO-CDS-018,Synthetic sovereign five-year CDS,CREDIT,,,64.774376,,,,,SPREAD,SYNTHETIC_GENERATOR,2025-01-28T06:15:00Z
2025-01-29,DEMO-CDS-018,Synthetic sovereign five-year CDS,CREDIT,,,64.716959,,,,,SPREAD,SYNTHETIC_GENERATOR,2025-01-29T06:15:00Z
2025-01-30,DEMO-CDS-018,Synthetic sovereign five-year CDS,CREDIT,,,63.607887,,,,,SPREAD,SYNTHETIC_GENERATOR,2025-01-30T06:15:00Z
2025-01-31,DEMO-CDS-018,Synthetic sovereign five-year CDS,CREDIT,,,61.508447,,,,,SPREAD,SYNTHETIC_GENERATOR,2025-01-31T06:15:00Z
2025-02-03,DEMO-CDS-018,Synthetic sovereign five-year CDS,CREDIT,,,60.559422,,,,,SPREAD,SYNTHETIC_GENERATOR,2025-02-03T06:15:00Z
2025-02-04,DEMO-CDS-018,Synthetic sovereign five-year CDS,CREDIT,,,62.503711,,,,,SPREAD,SYNTHETIC_GENERATOR,2025-02-04T06:15:00Z
2025-02-05,DEMO-CDS-018,Synthetic sovereign five-year CDS,CREDIT,,,63.757801,,,,,SPREAD,SYNTHETIC_GENERATOR,2025-02-05T06:15:00Z
2025-02-06,DEMO-CDS-018,Synthetic sovereign five-year CDS,CREDIT,,,64.963343,,,,,SPREAD,SYNTHETIC_GENERATOR,2025-02-06T06:15:00Z
2025-02-07,DEMO-CDS-018,Synthetic sovereign five-year CDS,CREDIT,,,65.092804,,,,,SPREAD,SYNTHETIC_GENERATOR,2025-02-07T06:15:00Z
2025-02-10,DEMO-CDS-018,Synthetic sovereign five-year CDS,CREDIT,,,63.528643,,,,,SPREAD,SYNTHETIC_GENERATOR,2025-02-10T06:15:00Z
2025-02-11,DEMO-CDS-018,Synthetic sovereign five-year CDS,CREDIT,,,63.201424,,,,,SPREAD,SYNTHETIC_GENERATOR,2025-02-11T06:15:00Z
2025-02-12,DEMO-CDS-018,Synthetic sovereign five-year CDS,CREDIT,,,63.557524,,,,,SPREAD,SYNTHETIC_GENERATOR,2025-02-12T06:15:00Z
2025-02-13,DEMO-CDS-018,Synthetic sovereign five-year CDS,CREDIT,,,63.001445,,,,,SPREAD,SYNTHETIC_GENERATOR,2025-02-13T06:15:00Z
2025-02-14,DEMO-CDS-018,Synthetic sovereign five-year CDS,CREDIT,,,64.221556,,,,,SPREAD,SYNTHETIC_GENERATOR,2025-02-14T06:15:00Z
2025-01-14,DEMO-CDS-019,Synthetic sovereign five-year CDS,CREDIT,,,71.895105,,,,,SPREAD,SYNTHETIC_GENERATOR,2025-01-14T06:15:00Z
2025-01-15,DEMO-CDS-019,Synthetic sovereign five-year CDS,CREDIT,,,72.256231,,,,,SPREAD,SYNTHETIC_GENERATOR,2025-01-15T06:15:00Z
2025-01-16,DEMO-CDS-019,Synthetic sovereign five-year CDS,CREDIT,,,72.315334,,,,,SPREAD,SYNTHETIC_GENERATOR,2025-01-16T06:15:00Z
2025-01-17,DEMO-CDS-019,Synthetic sovereign five-year CDS,CREDIT,,,71.608851,,,,,SPREAD,SYNTHETIC_GENERATOR,2025-01-17T06:15:00Z
2025-01-20,DEMO-CDS-019,Synthetic sovereign five-year CDS,CREDIT,,,73.177113,,,,,SPREAD,SYNTHETIC_GENERATOR,2025-01-20T06:15:00Z
2025-01-21,DEMO-CDS-019,Synthetic sovereign five-year CDS,CREDIT,,,73.892434,,,,,SPREAD,SYNTHETIC_GENERATOR,2025-01-21T06:15:00Z
2025-01-22,DEMO-CDS-019,Synthetic sovereign five-year CDS,CREDIT,,,74.297391,,,,,SPREAD,SYNTHETIC_GENERATOR,2025-01-22T06:15:00Z
2025-01-23,DEMO-CDS-019,Synthetic sovereign five-year CDS,CREDIT,,,74.560127,,,,,SPREAD,SYNTHETIC_GENERATOR,2025-01-23T06:15:00Z
2025-01-24,DEMO-CDS-019,Synthetic sovereign five-year CDS,CREDIT,,,75.096342,,,,,SPREAD,SYNTHETIC_GENERATOR,2025-01-24T06:15:00Z
2025-01-27,DEMO-CDS-019,Synthetic sovereign five-year CDS,CREDIT,,,72.561685,,,,,SPREAD,SYNTHETIC_GENERATOR,2025-01-27T06:15:00Z
2025-01-28,DEMO-CDS-019,Synthetic sovereign five-year CDS,CREDIT,,,71.868307,,,,,SPREAD,SYNTHETIC_GENERATOR,2025-01-28T06:15:00Z
2025-01-29,DEMO-CDS-019,Synthetic sovereign five-year CDS,CREDIT,,,68.686608,,,,,SPREAD,SYNTHETIC_GENERATOR,2025-01-29T06:15:00Z
2025-01-30,DEMO-CDS-019,Synthetic sovereign five-year CDS,CREDIT,,,67.869854,,,,,SPREAD,SYNTHETIC_GENERATOR,2025-01-30T06:15:00Z
2025-01-31,DEMO-CDS-019,Synthetic sovereign five-year CDS,CREDIT,,,69.558751,,,,,SPREAD,SYNTHETIC_GENERATOR,2025-01-31T06:15:00Z
2025-02-03,DEMO-CDS-019,Synthetic sovereign five-year CDS,CREDIT,,,70.386963,,,,,SPREAD,SYNTHETIC_GENERATOR,2025-02-03T06:15:00Z
2025-02-04,DEMO-CDS-019,Synthetic sovereign five-year CDS,CREDIT,,,69.962604,,,,,SPREAD,SYNTHETIC_GENERATOR,2025-02-04T06:15:00Z
2025-02-05,DEMO-CDS-019,Synthetic sovereign five-year CDS,CREDIT,,,68.631173,,,,,SPREAD,SYNTHETIC_GENERATOR,2025-02-05T06:15:00Z
2025-02-06,DEMO-CDS-019,Synthetic sovereign five-year CDS,CREDIT,,,68.778042,,,,,SPREAD,SYNTHETIC_GENERATOR,2025-02-06T06:15:00Z
2025-02-07,DEMO-CDS-019,Synthetic sovereign five-year CDS,CREDIT,,,69.01874,,,,,SPREAD,SYNTHETIC_GENERATOR,2025-02-07T06:15:00Z
2025-02-10,DEMO-CDS-019,Synthetic sovereign five-year CDS,CREDIT,,,69.109817,,,,,SPREAD,SYNTHETIC_GENERATOR,2025-02-10T06:15:00Z
2025-02-11,DEMO-CDS-019,Synthetic sovereign five-year CDS,CREDIT,,,66.951783,,,,,SPREAD,SYNTHETIC_GENERATOR,2025-02-11T06:15:00Z
2025-02-12,DEMO-CDS-019,Synthetic sovereign five-year CDS,CREDIT,,,68.135919,,,,,SPREAD,SYNTHETIC_GENERATOR,2025-02-12T06:15:00Z
2025-02-13,DEMO-CDS-019,Synthetic sovereign five-year CDS,CREDIT,,,72.195529,,,,,SPREAD,SYNTHETIC_GENERATOR,2025-02-13T06:15:00Z
2025-02-14,DEMO-CDS-019,Synthetic sovereign five-year CDS,CREDIT,,,71.52338,,,,,SPREAD,SYNTHETIC_GENERATOR,2025-02-14T06:15:00Z
2025-01-14,DEMO-CDS-020,Synthetic sovereign five-year CDS,CREDIT,,,77.795907,,,,,SPREAD,SYNTHETIC_GENERATOR,2025-01-14T06:15:00Z
2025-01-15,DEMO-CDS-020,Synthetic sovereign five-year CDS,CREDIT,,,77.960577,,,,,SPREAD,SYNTHETIC_GENERATOR,2025-01-15T06:15:00Z
2025-01-16,DEMO-CDS-020,Synthetic sovereign five-year CDS,CREDIT,,,77.023712,,,,,SPREAD,SYNTHETIC_GENERATOR,2025-01-16T06:15:00Z
2025-01-17,DEMO-CDS-020,Synthetic sovereign five-year CDS,CREDIT,,,76.129655,,,,,SPREAD,SYNTHETIC_GENERATOR,2025-01-17T06:15:00Z
2025-01-20,DEMO-CDS-020,Synthetic sovereign five-year CDS,CREDIT,,,78.513127,,,,,SPREAD,SYNTHETIC_GENERATOR,2025-01-20T06:15:00Z
2025-01-21,DEMO-CDS-020,Synthetic sovereign five-year CDS,CREDIT,,,77.287926,,,,,SPREAD,SYNTHETIC_GENERATOR,2025-01-21T06:15:00Z
2025-01-22,DEMO-CDS-020,Synthetic sovereign five-year CDS,CREDIT,,,78.608074,,,,,SPREAD,SYNTHETIC_GENERATOR,2025-01-22T06:15:00Z
2025-01-23,DEMO-CDS-020,Synthetic sovereign five-year CDS,CREDIT,,,80.949547,,,,,SPREAD,SYNTHETIC_GENERATOR,2025-01-23T06:15:00Z
2025-01-24,DEMO-CDS-020,Synthetic sovereign five-year CDS,CREDIT,,,82.553897,,,,,SPREAD,SYNTHETIC_GENERATOR,2025-01-24T06:15:00Z
2025-01-27,DEMO-CDS-020,Synthetic sovereign five-year CDS,CREDIT,,,83.629441,,,,,SPREAD,SYNTHETIC_GENERATOR,2025-01-27T06:15:00Z
2025-01-28,DEMO-CDS-020,Synthetic sovereign five-year CDS,CREDIT,,,81.663312,,,,,SPREAD,SYNTHETIC_GENERATOR,2025-01-28T06:15:00Z
2025-01-29,DEMO-CDS-020,Synthetic sovereign five-year CDS,CREDIT,,,80.92849,,,,,SPREAD,SYNTHETIC_GENERATOR,2025-01-29T06:15:00Z
2025-01-30,DEMO-CDS-020,Synthetic sovereign five-year CDS,CREDIT,,,83.618344,,,,,SPREAD,SYNTHETIC_GENERATOR,2025-01-30T06:15:00Z
2025-01-31,DEMO-CDS-020,Synthetic sovereign five-year CDS,CREDIT,,,84.601745,,,,,SPREAD,SYNTHETIC_GENERATOR,2025-01-31T06:15:00Z
2025-02-03,DEMO-CDS-020,Synthetic sovereign five-year CDS,CREDIT,,,84.938256,,,,,SPREAD,SYNTHETIC_GENERATOR,2025-02-03T06:15:00Z
2025-02-04,DEMO-CDS-020,Synthetic sovereign five-year CDS,CREDIT,,,85.936259,,,,,SPREAD,SYNTHETIC_GENERATOR,2025-02-04T06:15:00Z
2025-02-05,DEMO-CDS-020,Synthetic sovereign five-year CDS,CREDIT,,,83.567216,,,,,SPREAD,SYNTHETIC_GENERATOR,2025-02-05T06:15:00Z
2025-02-06,DEMO-CDS-020,Synthetic sovereign five-year CDS,CREDIT,,,80.843061,,,,,SPREAD,SYNTHETIC_GENERATOR,2025-02-06T06:15:00Z
2025-02-07,DEMO-CDS-020,Synthetic sovereign five-year CDS,CREDIT,,,79.781549,,,,,SPREAD,SYNTHETIC_GENERATOR,2025-02-07T06:15:00Z
2025-02-10,DEMO-CDS-020,Synthetic sovereign five-year CDS,CREDIT,,,79.11544,,,,,SPREAD,SYNTHETIC_GENERATOR,2025-02-10T06:15:00Z
2025-02-11,DEMO-CDS-020,Synthetic sovereign five-year CDS,CREDIT,,,81.434098,,,,,SPREAD,SYNTHETIC_GENERATOR,2025-02-11T06:15:00Z
2025-02-12,DEMO-CDS-020,Synthetic sovereign five-year CDS,CREDIT,,,83.038539,,,,,SPREAD,SYNTHETIC_GENERATOR,2025-02-12T06:15:00Z
2025-02-13,DEMO-CDS-020,Synthetic sovereign five-year CDS,CREDIT,,,84.02478,,,,,SPREAD,SYNTHETIC_GENERATOR,2025-02-13T06:15:00Z
2025-02-14,DEMO-CDS-020,Synthetic sovereign five-year CDS,CREDIT,,,84.463898,,,,,SPREAD,SYNTHETIC_GENERATOR,2025-02-14T06:15:00Z
2025-01-14,DEMO-CORP-014,Synthetic USD corporate bond,CREDIT,101.44025,2.295031,83.351496,,101.33881,101.541691,101.44025,CLEAN,SYNTHETIC_GENERATOR,2025-01-14T06:15:00Z
2025-01-15,DEMO-CORP-014,Synthetic USD corporate bond,CREDIT,101.027914,2.280562,82.234118,,100.926886,101.128942,101.027914,CLEAN,SYNTHETIC_GENERATOR,2025-01-15T06:15:00Z
2025-01-16,DEMO-CORP-014,Synthetic USD corporate bond,CREDIT,99.834446,2.285289,80.17657,,99.734612,99.93428,99.834446,CLEAN,SYNTHETIC_GENERATOR,2025-01-16T06:15:00Z
2025-01-17,DEMO-CORP-014,Synthetic USD corporate bond,CREDIT,100.048246,2.28418,78.716219,,99.948198,100.148294,100.048246,CLEAN,SYNTHETIC_GENERATOR,2025-01-17T06:15:00Z
2025-01-20,DEMO-CORP-014,Synthetic USD corporate bond,CREDIT,99.381694,2.272271,75.41666,,99.282312,99.481076,99.381694,CLEAN,SYNTHETIC_GENERATOR,2025-01-20T06:15:00Z
2025-01-21,DEMO-CORP-014,Synthetic USD corporate bond,CREDIT,97.755126,2.321769,77.61989,,97.657371,97.852881,97.755126,CLEAN,SYNTHETIC_GENERATOR,2025-01-21T06:15:00Z
2025-01-22,DEMO-CORP-014,Synthetic USD corporate bond,CREDIT,98.206352,2.320709,78.1496,,98.108146,98.304559,98.206352,CLEAN,SYNTHETIC_GENERATOR,2025-01-22T06:15:00Z
2025-01-23,DEMO-CORP-014,Synthetic USD corporate bond,CREDIT,98.268165,2.323692,77.629936,,98.169897,98.366433,98.268165,CLEAN,SYNTHETIC_GENERATOR,2025-01-23T06:15:00Z
2025-01-24,DEMO-CORP-014,Synthetic USD corporate bond,CREDIT,98.635705,2.312412,77.608606,,98.53707,98.734341,98.635705,CLEAN,SYNTHETIC_GENERATOR,2025-01-24T06:15:00Z
2025-01-27,DEMO-CORP-014,Synthetic USD corporate bond,CREDIT,96.999251,2.346877,75.983006,,96.902252,97.096251,96.999251,CLEAN,SYNTHETIC_GENERATOR,2025-01-27T06:15:00Z
2025-01-28,DEMO-CORP-014,Synthetic USD corporate bond,CREDIT,97.56553,2.339581,78.474067,,97.467964,97.663095,97.56553,CLEAN,SYNTHETIC_GENERATOR,2025-01-28T06:15:00Z
2025-01-29,DEMO-CORP-014,Synthetic USD corporate bond,CREDIT,97.90284,2.33635,78.337721,,97.804937,98.000743,97.90284,CLEAN,SYNTHETIC_GENERATOR,2025-01-29T06:15:00Z
2025-01-30,DEMO-CORP-014,Synthetic USD corporate bond,CREDIT,98.865465,2.360224,79.717076,,98.766599,98.96433,98.865465,CLEAN,SYNTHETIC_GENERATOR,2025-01-30T06:15:00Z
2025-01-31,DEMO-CORP-014,Synthetic USD corporate bond,CREDIT,98.329941,2.330326,78.379051,,98.231611,98.428271,98.329941,CLEAN,SYNTHETIC_GENERATOR,2025-01-31T06:15:00Z
2025-02-03,DEMO-CORP-014,Synthetic USD corporate bond,CREDIT,97.858873,2.320023,77.639604,,97.761014,97.956731,97.858873,CLEAN,SYNTHETIC_GENERATOR,2025-02-03T06:15:00Z
2025-02-04,DEMO-CORP-014,Synthetic USD corporate bond,CREDIT,96.934642,2.308458,76.557353,,96.837707,97.031576,96.934642,CLEAN,SYNTHETIC_GENERATOR,2025-02-04T06:15:00Z
2025-02-05,DEMO-CORP-014,Synthetic USD corporate bond,CREDIT,97.201719,2.299987,78.341515,,97.104518,97.298921,97.201719,CLEAN,SYNTHETIC_GENERATOR,2025-02-05T06:15:00Z
2025-02-06,DEMO-CORP-014,Synthetic USD corporate bond,CREDIT,96.731891,2.238209,75.958063,,96.635159,96.828623,96.731891,CLEAN,SYNTHETIC_GENERATOR,2025-02-06T06:15:00Z
2025-02-07,DEMO-CORP-014,Synthetic USD corporate bond,CREDIT,97.457571,2.239526,77.822774,,97.360114,97.555029,97.457571,CLEAN,SYNTHETIC_GENERATOR,2025-02-07T06:15:00Z
2025-02-10,DEMO-CORP-014,Synthetic USD corporate bond,CREDIT,98.776931,2.240934,77.096988,,98.678154,98.875708,98.776931,CLEAN,SYNTHETIC_GENERATOR,2025-02-10T06:15:00Z
2025-02-11,DEMO-CORP-014,Synthetic USD corporate bond,CREDIT,98.985225,2.23976,78.179756,,98.88624,99.08421,98.985225,CLEAN,SYNTHETIC_GENERATOR,2025-02-11T06:15:00Z
2025-02-12,DEMO-CORP-014,Synthetic USD corporate bond,CREDIT,99.263946,2.333884,79.565519,,99.164682,99.36321,99.263946,CLEAN,SYNTHETIC_GENERATOR,2025-02-12T06:15:00Z
2025-02-13,DEMO-CORP-014,Synthetic USD corporate bond,CREDIT,97.939436,2.354284,77.021408,,97.841496,98.037375,97.939436,CLEAN,SYNTHETIC_GENERATOR,2025-02-13T06:15:00Z
2025-02-14,DEMO-CORP-014,Synthetic USD corporate bond,CREDIT,97.342746,2.353189,76.261332,,97.245404,97.440089,97.342746,CLEAN,SYNTHETIC_GENERATOR,2025-02-14T06:15:00Z
2025-01-14,DEMO-CORP-015,Synthetic SGD corporate bond,CREDIT,104.274302,2.325124,84.854654,,104.170027,104.378576,104.274302,CLEAN,SYNTHETIC_GENERATOR,2025-01-14T06:15:00Z
2025-01-15,DEMO-CORP-015,Synthetic SGD corporate bond,CREDIT,103.345379,2.319739,82.195332,,103.242033,103.448724,103.345379,CLEAN,SYNTHETIC_GENERATOR,2025-01-15T06:15:00Z
2025-01-16,DEMO-CORP-015,Synthetic SGD corporate bond,CREDIT,103.725316,2.304979,87.661245,,103.62159,103.829041,103.725316,CLEAN,SYNTHETIC_GENERATOR,2025-01-16T06:15:00Z
2025-01-17,DEMO-CORP-015,Synthetic SGD corporate bond,CREDIT,103.513532,2.28997,88.619636,,103.410018,103.617046,103.513532,CLEAN,SYNTHETIC_GENERATOR,2025-01-17T06:15:00Z
2025-01-20,DEMO-CORP-015,Synthetic SGD corporate bond,CREDIT,102.042435,2.284315,87.503913,,101.940393,102.144477,102.042435,CLEAN,SYNTHETIC_GENERATOR,2025-01-20T06:15:00Z
2025-01-21,DEMO-CORP-015,Synthetic SGD corporate bond,CREDIT,102.954824,2.268587,89.460185,,102.851869,103.057779,102.954824,CLEAN,SYNTHETIC_GENERATOR,2025-01-21T06:15:00Z
2025-01-22,DEMO-CORP-015,Synthetic SGD corporate bond,CREDIT,102.628236,2.331458,88.676979,,102.525608,102.730864,102.628236,CLEAN,SYNTHETIC_GENERATOR,2025-01-22T06:15:00Z
2025-01-23,DEMO-CORP-015,Synthetic SGD corporate bond,CREDIT,103.195645,2.330197,88.315537,,103.092449,103.298841,103.195645,CLEAN,SYNTHETIC_GENERATOR,2025-01-23T06:15:00Z
2025-01-24,DEMO-CORP-015,Synthetic SGD corporate bond,CREDIT,104.22198,2.337079,88.846477,,104.117758,104.326202,104.22198,CLEAN,SYNTHETIC_GENERATOR,2025-01-24T06:15:00Z
2025-01-27,DEMO-CORP-015,Synthetic SGD corporate bond,CREDIT,104.453278,2.320347,86.524933,,104.348825,104.557731,104.453278,CLEAN,SYNTHETIC_GENERATOR,2025-01-27T06:15:00Z
2025-01-28,DEMO-CORP-015,Synthetic SGD corporate bond,CREDIT,103.071343,2.344283,88.856499,,102.968271,103.174414,103.071343,CLEAN,SYNTHETIC_GENERATOR,2025-01-28T06:15:00Z
2025-01-29,DEMO-CORP-015,Synthetic SGD corporate bond,CREDIT,102.894403,2.357249,87.601076,,102.791509,102.997298,102.894403,CLEAN,SYNTHETIC_GENERATOR,2025-01-29T06:15:00Z
2025-01-30,DEMO-CORP-015,Synthetic SGD corporate bond,CREDIT,101.682359,2.359947,83.755578,,101.580677,101.784041,101.682359,CLEAN,SYNTHETIC_GENERATOR,2025-01-30T06:15:00Z
2025-01-31,DEMO-CORP-015,Synthetic SGD corporate bond,CREDIT,101.891388,2.39522,83.83803,,101.789496,101.993279,101.891388,CLEAN,SYNTHETIC_GENERATOR,2025-01-31T06:15:00Z
2025-02-03,DEMO-CORP-015,Synthetic SGD corporate bond,CREDIT,100.728082,2.372326,82.044538,,100.627354,100.82881,100.728082,CLEAN,SYNTHETIC_GENERATOR,2025-02-03T06:15:00Z
2025-02-04,DEMO-CORP-015,Synthetic SGD corporate bond,CREDIT,99.610472,2.350658,84.515276,,99.510862,99.710083,99.610472,CLEAN,SYNTHETIC_GENERATOR,2025-02-04T06:15:00Z
2025-02-05,DEMO-CORP-015,Synthetic SGD corporate bond,CREDIT,100.940691,2.329462,85.507713,,100.83975,101.041632,100.940691,CLEAN,SYNTHETIC_GENERATOR,2025-02-05T06:15:00Z
2025-02-06,DEMO-CORP-015,Synthetic SGD corporate bond,CREDIT,102.016755,2.350734,85.167362,,101.914738,102.118772,102.016755,CLEAN,SYNTHETIC_GENERATOR,2025-02-06T06:15:00Z
2025-02-07,DEMO-CORP-015,Synthetic SGD corporate bond,CREDIT,101.425208,2.33431,86.515933,,101.323783,101.526633,101.425208,CLEAN,SYNTHETIC_GENERATOR,2025-02-07T06:15:00Z
2025-02-10,DEMO-CORP-015,Synthetic SGD corporate bond,CREDIT,101.02572,2.358096,85.468311,,100.924694,101.126746,101.02572,CLEAN,SYNTHETIC_GENERATOR,2025-02-10T06:15:00Z
2025-02-11,DEMO-CORP-015,Synthetic SGD corporate bond,CREDIT,99.698482,2.381367,85.931343,,99.598783,99.79818,99.698482,CLEAN,SYNTHETIC_GENERATOR,2025-02-11T06:15:00Z
2025-02-12,DEMO-CORP-015,Synthetic SGD corporate bond,CREDIT,100.286845,2.385731,86.143827,,100.186558,100.387132,100.286845,CLEAN,SYNTHETIC_GENERATOR,2025-02-12T06:15:00Z
2025-02-13,DEMO-CORP-015,Synthetic SGD corporate bond,CREDIT,100.655444,2.434483,86.47011,,100.554788,100.756099,100.655444,CLEAN,SYNTHETIC_GENERATOR,2025-02-13T06:15:00Z
2025-02-14,DEMO-CORP-015,Synthetic SGD corporate bond,CREDIT,101.272481,2.463214,86.774829,,101.171208,101.373753,101.272481,CLEAN,SYNTHETIC_GENERATOR,2025-02-14T06:15:00Z
2025-01-14,DEMO-CORP-016,Synthetic HKD corporate bond,CREDIT,109.713714,2.381024,89.061563,,109.604,109.823427,109.713714,CLEAN,SYNTHETIC_GENERATOR,2025-01-14T06:15:00Z
2025-01-15,DEMO-CORP-016,Synthetic HKD corporate bond,CREDIT,110.201554,2.343215,86.452376,,110.091352,110.311755,110.201554,CLEAN,SYNTHETIC_GENERATOR,2025-01-15T06:15:00Z
2025-01-16,DEMO-CORP-016,Synthetic HKD corporate bond,CREDIT,111.60652,2.309163,86.959688,,111.494914,111.718127,111.60652,CLEAN,SYNTHETIC_GENERATOR,2025-01-16T06:15:00Z
2025-01-17,DEMO-CORP-016,Synthetic HKD corporate bond,CREDIT,112.158661,2.304772,92.446206,,112.046503,112.27082,112.158661,CLEAN,SYNTHETIC_GENERATOR,2025-01-17T06:15:00Z
2025-01-20,DEMO-CORP-016,Synthetic HKD corporate bond,CREDIT,113.001413,2.30293,92.696976,,112.888411,113.114414,113.001413,CLEAN,SYNTHETIC_GENERATOR,2025-01-20T06:15:00Z
2025-01-21,DEMO-CORP-016,Synthetic HKD corporate bond,CREDIT,112.711668,2.276253,91.356896,,112.598956,112.824379,112.711668,CLEAN,SYNTHETIC_GENERATOR,2025-01-21T06:15:00Z
2025-01-22,DEMO-CORP-016,Synthetic HKD corporate bond,CREDIT,113.084474,2.338904,92.312296,,112.971389,113.197558,113.084474,CLEAN,SYNTHETIC_GENERATOR,2025-01-22T06:15:00Z
2025-01-23,DEMO-CORP-016,Synthetic HKD corporate bond,CREDIT,113.265677,2.305337,93.514378,,113.152411,113.378942,113.265677,CLEAN,SYNTHETIC_GENERATOR,2025-01-23T06:15:00Z
2025-01-24,DEMO-CORP-016,Synthetic HKD corporate bond,CREDIT,113.725454,2.299823,93.594496,,113.611729,113.83918,113.725454,CLEAN,SYNTHETIC_GENERATOR,2025-01-24T06:15:00Z
2025-01-27,DEMO-CORP-016,Synthetic HKD corporate bond,CREDIT,115.36824,2.298053,93.125753,,115.252872,115.483608,115.36824,CLEAN,SYNTHETIC_GENERATOR,2025-01-27T06:15:00Z
2025-01-28,DEMO-CORP-016,Synthetic HKD corporate bond,CREDIT,115.782254,2.305433,91.575965,,115.666472,115.898037,115.782254,CLEAN,SYNTHETIC_GENERATOR,2025-01-28T06:15:00Z
2025-01-29,DEMO-CORP-016,Synthetic HKD corporate bond,CREDIT,115.592606,2.344517,94.168112,,115.477013,115.708199,115.592606,CLEAN,SYNTHETIC_GENERATOR,2025-01-29T06:15:00Z
2025-01-30,DEMO-CORP-016,Synthetic HKD corporate bond,CREDIT,115.54881,2.406148,94.993981,,115.433261,115.664359,115.54881,CLEAN,SYNTHETIC_GENERATOR,2025-01-30T06:15:00Z
2025-01-31,DEMO-CORP-016,Synthetic HKD corporate bond,CREDIT,113.925905,2.402505,96.384957,,113.811979,114.039831,113.925905,CLEAN,SYNTHETIC_GENERATOR,2025-01-31T06:15:00Z
2025-02-03,DEMO-CORP-016,Synthetic HKD corporate bond,CREDIT,113.265481,2.479196,93.922867,,113.152216,113.378747,113.265481,CLEAN,SYNTHETIC_GENERATOR,2025-02-03T06:15:00Z
2025-02-04,DEMO-CORP-016,Synthetic HKD corporate bond,CREDIT,113.081463,2.492361,92.403073,,112.968381,113.194544,113.081463,CLEAN,SYNTHETIC_GENERATOR,2025-02-04T06:15:00Z
2025-02-05,DEMO-CORP-016,Synthetic HKD corporate bond,CREDIT,113.686076,2.584172,92.037703,,113.57239,113.799762,113.686076,CLEAN,SYNTHETIC_GENERATOR,2025-02-05T06:15:00Z
2025-02-06,DEMO-CORP-016,Synthetic HKD corporate bond,CREDIT,115.749894,2.588945,97.808605,,115.634144,115.865644,115.749894,CLEAN,SYNTHETIC_GENERATOR,2025-02-06T06:15:00Z
2025-02-07,DEMO-CORP-016,Synthetic HKD corporate bond,CREDIT,117.638375,2.572645,99.157296,,117.520737,117.756014,117.638375,CLEAN,SYNTHETIC_GENERATOR,2025-02-07T06:15:00Z
2025-02-10,DEMO-CORP-016,Synthetic HKD corporate bond,CREDIT,116.847738,2.637444,97.86758,,116.730891,116.964586,116.847738,CLEAN,SYNTHETIC_GENERATOR,2025-02-10T06:15:00Z
2025-02-11,DEMO-CORP-016,Synthetic HKD corporate bond,CREDIT,118.430554,2.671415,98.493709,,118.312124,118.548985,118.430554,CLEAN,SYNTHETIC_GENERATOR,2025-02-11T06:15:00Z
2025-02-12,DEMO-CORP-016,Synthetic HKD corporate bond,CREDIT,118.737532,2.70494,99.702126,,118.618795,118.85627,118.737532,CLEAN,SYNTHETIC_GENERATOR,2025-02-12T06:15:00Z
2025-02-13,DEMO-CORP-016,Synthetic HKD corporate bond,CREDIT,119.133184,2.718793,106.888767,,119.014051,119.252317,119.133184,CLEAN,SYNTHETIC_GENERATOR,2025-02-13T06:15:00Z
2025-02-14,DEMO-CORP-016,Synthetic HKD corporate bond,CREDIT,118.25374,2.655498,107.171042,,118.135486,118.371994,118.25374,CLEAN,SYNTHETIC_GENERATOR,2025-02-14T06:15:00Z
2025-01-14,DEMO-CORP-017,Synthetic CNH corporate bond,CREDIT,110.735493,2.45755,91.320123,,110.624757,110.846228,110.735493,CLEAN,SYNTHETIC_GENERATOR,2025-01-14T06:15:00Z
2025-01-15,DEMO-CORP-017,Synthetic CNH corporate bond,CREDIT,110.246428,2.443432,93.217581,,110.136182,110.356675,110.246428,CLEAN,SYNTHETIC_GENERATOR,2025-01-15T06:15:00Z
2025-01-16,DEMO-CORP-017,Synthetic CNH corporate bond,CREDIT,110.295818,2.428095,94.394705,,110.185522,110.406114,110.295818,CLEAN,SYNTHETIC_GENERATOR,2025-01-16T06:15:00Z
2025-01-17,DEMO-CORP-017,Synthetic CNH corporate bond,CREDIT,111.330857,2.426691,93.191115,,111.219526,111.442188,111.330857,CLEAN,SYNTHETIC_GENERATOR,2025-01-17T06:15:00Z
2025-01-20,DEMO-CORP-017,Synthetic CNH corporate bond,CREDIT,111.007225,2.413559,94.83616,,110.896218,111.118232,111.007225,CLEAN,SYNTHETIC_GENERATOR,2025-01-20T06:15:00Z
2025-01-21,DEMO-CORP-017,Synthetic CNH corporate bond,CREDIT,110.347294,2.47206,90.026537,,110.236947,110.457641,110.347294,CLEAN,SYNTHETIC_GENERATOR,2025-01-21T06:15:00Z
2025-01-22,DEMO-CORP-017,Synthetic CNH corporate bond,CREDIT,110.46324,2.463065,92.844546,,110.352777,110.573704,110.46324,CLEAN,SYNTHETIC_GENERATOR,2025-01-22T06:15:00Z
2025-01-23,DEMO-CORP-017,Synthetic CNH corporate bond,CREDIT,110.292555,2.460038,89.712275,,110.182263,110.402848,110.292555,CLEAN,SYNTHETIC_GENERATOR,2025-01-23T06:15:00Z
2025-01-24,DEMO-CORP-017,Synthetic CNH corporate bond,CREDIT,110.1368,2.476395,85.033039,,110.026663,110.246937,110.1368,CLEAN,SYNTHETIC_GENERATOR,2025-01-24T06:15:00Z
2025-01-27,DEMO-CORP-017,Synthetic CNH corporate bond,CREDIT,110.757377,2.42151,87.183243,,110.64662,110.868134,110.757377,CLEAN,SYNTHETIC_GENERATOR,2025-01-27T06:15:00Z
2025-01-28,DEMO-CORP-017,Synthetic CNH corporate bond,CREDIT,110.446351,2.433405,85.266245,,110.335905,110.556798,110.446351,CLEAN,SYNTHETIC_GENERATOR,2025-01-28T06:15:00Z
2025-01-29,DEMO-CORP-017,Synthetic CNH corporate bond,CREDIT,110.822527,2.370852,85.631032,,110.711705,110.93335,110.822527,CLEAN,SYNTHETIC_GENERATOR,2025-01-29T06:15:00Z
2025-01-30,DEMO-CORP-017,Synthetic CNH corporate bond,CREDIT,110.037173,2.446263,85.54741,,109.927136,110.147211,110.037173,CLEAN,SYNTHETIC_GENERATOR,2025-01-30T06:15:00Z
2025-01-31,DEMO-CORP-017,Synthetic CNH corporate bond,CREDIT,110.496699,2.471092,88.065258,,110.386202,110.607196,110.496699,CLEAN,SYNTHETIC_GENERATOR,2025-01-31T06:15:00Z
2025-02-03,DEMO-CORP-017,Synthetic CNH corporate bond,CREDIT,109.931281,2.54348,87.85858,,109.82135,110.041213,109.931281,CLEAN,SYNTHETIC_GENERATOR,2025-02-03T06:15:00Z
2025-02-04,DEMO-CORP-017,Synthetic CNH corporate bond,CREDIT,110.848451,2.581826,89.808514,,110.737603,110.959299,110.848451,CLEAN,SYNTHETIC_GENERATOR,2025-02-04T06:15:00Z
2025-02-05,DEMO-CORP-017,Synthetic CNH corporate bond,CREDIT,111.181362,2.549474,87.150116,,111.07018,111.292543,111.181362,CLEAN,SYNTHETIC_GENERATOR,2025-02-05T06:15:00Z
2025-02-06,DEMO-CORP-017,Synthetic CNH corporate bond,CREDIT,110.156989,2.543312,87.340567,,110.046832,110.267146,110.156989,CLEAN,SYNTHETIC_GENERATOR,2025-02-06T06:15:00Z
2025-02-07,DEMO-CORP-017,Synthetic CNH corporate bond,CREDIT,109.618106,2.550543,86.40283,,109.508488,109.727724,109.618106,CLEAN,SYNTHETIC_GENERATOR,2025-02-07T06:15:00Z
2025-02-10,DEMO-CORP-017,Synthetic CNH corporate bond,CREDIT,109.9876,2.486458,90.822796,,109.877613,110.097588,109.9876,CLEAN,SYNTHETIC_GENERATOR,2025-02-10T06:15:00Z
2025-02-11,DEMO-CORP-017,Synthetic CNH corporate bond,CREDIT,108.420907,2.533357,88.482361,,108.312486,108.529328,108.420907,CLEAN,SYNTHETIC_GENERATOR,2025-02-11T06:15:00Z
2025-02-12,DEMO-CORP-017,Synthetic CNH corporate bond,CREDIT,109.363325,2.529774,88.675534,,109.253961,109.472688,109.363325,CLEAN,SYNTHETIC_GENERATOR,2025-02-12T06:15:00Z
2025-02-13,DEMO-CORP-017,Synthetic CNH corporate bond,CREDIT,109.581664,2.506188,87.108536,,109.472082,109.691246,109.581664,CLEAN,SYNTHETIC_GENERATOR,2025-02-13T06:15:00Z
2025-02-14,DEMO-CORP-017,Synthetic CNH corporate bond,CREDIT,107.916307,2.543583,87.849489,,107.80839,108.024223,107.916307,CLEAN,SYNTHETIC_GENERATOR,2025-02-14T06:15:00Z
2025-01-14,DEMO-CORP-MISSING,Synthetic USD corporate bond,CREDIT,113.199843,2.544395,98.227614,,113.086643,113.313042,113.199843,CLEAN,SYNTHETIC_GENERATOR,2025-01-14T06:15:00Z
2025-01-15,DEMO-CORP-MISSING,Synthetic USD corporate bond,CREDIT,113.346644,2.523955,96.305298,,113.233298,113.459991,113.346644,CLEAN,SYNTHETIC_GENERATOR,2025-01-15T06:15:00Z
2025-01-16,DEMO-CORP-MISSING,Synthetic USD corporate bond,CREDIT,115.079398,2.490907,96.937505,,114.964319,115.194478,115.079398,CLEAN,SYNTHETIC_GENERATOR,2025-01-16T06:15:00Z
2025-01-17,DEMO-CORP-MISSING,Synthetic USD corporate bond,CREDIT,115.373948,2.517259,98.63996,,115.258574,115.489322,115.373948,CLEAN,SYNTHETIC_GENERATOR,2025-01-17T06:15:00Z
2025-01-20,DEMO-CORP-MISSING,Synthetic USD corporate bond,CREDIT,114.660319,2.440692,99.832056,,114.545659,114.774979,114.660319,CLEAN,SYNTHETIC_GENERATOR,2025-01-20T06:15:00Z
2025-01-21,DEMO-CORP-MISSING,Synthetic USD corporate bond,CREDIT,115.37932,2.427617,102.000374,,115.26394,115.494699,115.37932,CLEAN,SYNTHETIC_GENERATOR,2025-01-21T06:15:00Z
2025-01-22,DEMO-CORP-MISSING,Synthetic USD corporate bond,CREDIT,115.418061,2.446209,101.112224,,115.302643,115.53348,115.418061,CLEAN,SYNTHETIC_GENERATOR,2025-01-22T06:15:00Z
2025-01-23,DEMO-CORP-MISSING,Synthetic USD corporate bond,CREDIT,115.969472,2.384381,102.423525,,115.853503,116.085442,115.969472,CLEAN,SYNTHETIC_GENERATOR,2025-01-23T06:15:00Z
2025-01-24,DEMO-CORP-MISSING,Synthetic USD corporate bond,CREDIT,115.360936,2.377049,101.32692,,115.245575,115.476297,115.360936,CLEAN,SYNTHETIC_GENERATOR,2025-01-24T06:15:00Z
2025-01-27,DEMO-CORP-MISSING,Synthetic USD corporate bond,CREDIT,114.214799,2.422213,100.910371,,114.100584,114.329014,114.214799,CLEAN,SYNTHETIC_GENERATOR,2025-01-27T06:15:00Z
2025-01-28,DEMO-CORP-MISSING,Synthetic USD corporate bond,CREDIT,113.094311,2.362384,95.856915,,112.981217,113.207406,113.094311,CLEAN,SYNTHETIC_GENERATOR,2025-01-28T06:15:00Z
2025-01-29,DEMO-CORP-MISSING,Synthetic USD corporate bond,CREDIT,113.097169,2.361198,92.308375,,112.984072,113.210266,113.097169,CLEAN,SYNTHETIC_GENERATOR,2025-01-29T06:15:00Z
2025-01-30,DEMO-CORP-MISSING,Synthetic USD corporate bond,CREDIT,112.350487,2.360272,90.390504,,112.238136,112.462837,112.350487,CLEAN,SYNTHETIC_GENERATOR,2025-01-30T06:15:00Z
2025-01-31,DEMO-CORP-MISSING,Synthetic USD corporate bond,CREDIT,112.594124,2.403331,89.413464,,112.481529,112.706718,112.594124,CLEAN,SYNTHETIC_GENERATOR,2025-01-31T06:15:00Z
2025-02-03,DEMO-CORP-MISSING,Synthetic USD corporate bond,CREDIT,113.831622,2.368598,89.288644,,113.71779,113.945453,113.831622,CLEAN,SYNTHETIC_GENERATOR,2025-02-03T06:15:00Z
2025-02-04,DEMO-CORP-MISSING,Synthetic USD corporate bond,CREDIT,113.98621,2.413652,85.405007,,113.872224,114.100197,113.98621,CLEAN,SYNTHETIC_GENERATOR,2025-02-04T06:15:00Z
2025-02-05,DEMO-CORP-MISSING,Synthetic USD corporate bond,CREDIT,112.98816,2.449232,88.043334,,112.875172,113.101149,112.98816,CLEAN,SYNTHETIC_GENERATOR,2025-02-05T06:15:00Z
2025-02-06,DEMO-CORP-MISSING,Synthetic USD corporate bond,CREDIT,113.782067,2.405497,89.690564,,113.668285,113.895849,113.782067,CLEAN,SYNTHETIC_GENERATOR,2025-02-06T06:15:00Z
2025-02-07,DEMO-CORP-MISSING,Synthetic USD corporate bond,CREDIT,112.877006,2.436991,84.954582,,112.764129,112.989883,112.877006,CLEAN,SYNTHETIC_GENERATOR,2025-02-07T06:15:00Z
2025-02-10,DEMO-CORP-MISSING,Synthetic USD corporate bond,CREDIT,112.470945,2.386644,85.412359,,112.358475,112.583416,112.470945,CLEAN,SYNTHETIC_GENERATOR,2025-02-10T06:15:00Z
2025-02-11,DEMO-CORP-MISSING,Synthetic USD corporate bond,CREDIT,112.215806,2.385425,82.510065,,112.10359,112.328021,112.215806,CLEAN,SYNTHETIC_GENERATOR,2025-02-11T06:15:00Z
2025-02-12,DEMO-CORP-MISSING,Synthetic USD corporate bond,CREDIT,111.390302,2.426791,80.490249,,111.278912,111.501693,111.390302,CLEAN,SYNTHETIC_GENERATOR,2025-02-12T06:15:00Z
2025-02-13,DEMO-CORP-MISSING,Synthetic USD corporate bond,CREDIT,112.628764,2.420785,74.952702,,112.516135,112.741393,112.628764,CLEAN,SYNTHETIC_GENERATOR,2025-02-13T06:15:00Z
2025-01-14,DEMO-CORP-STALE,Synthetic JPY corporate bond,CREDIT,115.658238,2.531772,99.386037,,115.54258,115.773897,115.658238,CLEAN,SYNTHETIC_GENERATOR,2025-01-14T06:15:00Z
2025-01-15,DEMO-CORP-STALE,Synthetic JPY corporate bond,CREDIT,114.709907,2.532505,101.518247,,114.595197,114.824617,114.709907,CLEAN,SYNTHETIC_GENERATOR,2025-01-15T06:15:00Z
2025-01-16,DEMO-CORP-STALE,Synthetic JPY corporate bond,CREDIT,112.962294,2.541947,99.691504,,112.849331,113.075256,112.962294,CLEAN,SYNTHETIC_GENERATOR,2025-01-16T06:15:00Z
2025-01-17,DEMO-CORP-STALE,Synthetic JPY corporate bond,CREDIT,112.605039,2.515622,97.255356,,112.492434,112.717644,112.605039,CLEAN,SYNTHETIC_GENERATOR,2025-01-17T06:15:00Z
2025-01-20,DEMO-CORP-STALE,Synthetic JPY corporate bond,CREDIT,111.95225,2.529602,94.83393,,111.840298,112.064202,111.95225,CLEAN,SYNTHETIC_GENERATOR,2025-01-20T06:15:00Z
2025-01-21,DEMO-CORP-STALE,Synthetic JPY corporate bond,CREDIT,110.90105,2.550593,95.144766,,110.790149,111.011951,110.90105,CLEAN,SYNTHETIC_GENERATOR,2025-01-21T06:15:00Z
2025-01-22,DEMO-CORP-STALE,Synthetic JPY corporate bond,CREDIT,111.039748,2.539832,93.759952,,110.928708,111.150788,111.039748,CLEAN,SYNTHETIC_GENERATOR,2025-01-22T06:15:00Z
2025-01-23,DEMO-CORP-STALE,Synthetic JPY corporate bond,CREDIT,109.710113,2.555514,95.181516,,109.600403,109.819823,109.710113,CLEAN,SYNTHETIC_GENERATOR,2025-01-23T06:15:00Z
2025-01-24,DEMO-CORP-STALE,Synthetic JPY corporate bond,CREDIT,109.491582,2.482034,95.151119,,109.38209,109.601073,109.491582,CLEAN,SYNTHETIC_GENERATOR,2025-01-24T06:15:00Z
2025-01-27,DEMO-CORP-STALE,Synthetic JPY corporate bond,CREDIT,110.424168,2.395102,94.038423,,110.313743,110.534592,110.424168,CLEAN,SYNTHETIC_GENERATOR,2025-01-27T06:15:00Z
2025-01-28,DEMO-CORP-STALE,Synthetic JPY corporate bond,CREDIT,111.141015,2.379091,91.044395,,111.029874,111.252157,111.141015,CLEAN,SYNTHETIC_GENERATOR,2025-01-28T06:15:00Z
2025-01-29,DEMO-CORP-STALE,Synthetic JPY corporate bond,CREDIT,111.463871,2.439568,90.039451,,111.352407,111.575335,111.463871,CLEAN,SYNTHETIC_GENERATOR,2025-01-29T06:15:00Z
2025-01-30,DEMO-CORP-STALE,Synthetic JPY corporate bond,CREDIT,111.560017,2.433454,95.077241,,111.448457,111.671577,111.560017,CLEAN,SYNTHETIC_GENERATOR,2025-01-30T06:15:00Z
2025-01-31,DEMO-CORP-STALE,Synthetic JPY corporate bond,CREDIT,112.354451,2.44158,94.433022,,112.242097,112.466806,112.354451,CLEAN,SYNTHETIC_GENERATOR,2025-01-31T06:15:00Z
2025-02-03,DEMO-CORP-STALE,Synthetic JPY corporate bond,CREDIT,112.772547,2.429538,92.596647,,112.659775,112.88532,112.772547,CLEAN,SYNTHETIC_GENERATOR,2025-02-03T06:15:00Z
2025-02-04,DEMO-CORP-STALE,Synthetic JPY corporate bond,CREDIT,112.696823,2.445972,92.047471,,112.584126,112.80952,112.696823,CLEAN,SYNTHETIC_GENERATOR,2025-02-04T06:15:00Z
2025-02-05,DEMO-CORP-STALE,Synthetic JPY corporate bond,CREDIT,112.703826,2.452872,92.361439,,112.591122,112.81653,112.703826,CLEAN,SYNTHETIC_GENERATOR,2025-02-05T06:15:00Z
2025-02-06,DEMO-CORP-STALE,Synthetic JPY corporate bond,CREDIT,112.388114,2.397663,90.614641,,112.275726,112.500502,112.388114,CLEAN,SYNTHETIC_GENERATOR,2025-02-06T06:15:00Z
2025-02-07,DEMO-CORP-STALE,Synthetic JPY corporate bond,CREDIT,112.273624,2.327116,89.627289,,112.16135,112.385898,112.273624,CLEAN,SYNTHETIC_GENERATOR,2025-02-07T06:15:00Z
2025-02-10,DEMO-CORP-STALE,Synthetic JPY corporate bond,CREDIT,111.930481,2.373084,90.768213,,111.81855,112.042411,111.930481,CLEAN,SYNTHETIC_GENERATOR,2025-02-10T06:15:00Z
2025-02-11,DEMO-CORP-STALE,Synthetic JPY corporate bond,CREDIT,112.363209,2.418306,89.497848,,112.250846,112.475572,112.363209,CLEAN,SYNTHETIC_GENERATOR,2025-02-11T06:15:00Z
2025-02-12,DEMO-CORP-STALE,Synthetic JPY corporate bond,CREDIT,112.246527,2.441853,90.010931,,112.13428,112.358773,112.246527,CLEAN,SYNTHETIC_GENERATOR,2025-02-12T06:15:00Z
2025-02-13,DEMO-CORP-STALE,Synthetic JPY corporate bond,CREDIT,112.574798,2.421499,90.172996,,112.462223,112.687373,112.574798,CLEAN,SYNTHETIC_GENERATOR,2025-02-13T06:15:00Z
2025-02-14,DEMO-CORP-STALE,Synthetic JPY corporate bond,CREDIT,114.508618,2.441246,90.461601,,114.39411,114.623127,114.508618,CLEAN,SYNTHETIC_GENERATOR,2025-02-13T06:15:00Z
2025-01-14,DEMO-GOVT-005,Synthetic JPY sovereign bond,RATES,119.210269,2.683103,,,119.091059,119.32948,119.210269,CLEAN,SYNTHETIC_GENERATOR,2025-01-14T06:15:00Z
2025-01-15,DEMO-GOVT-005,Synthetic JPY sovereign bond,RATES,118.370909,2.687265,,,118.252538,118.48928,118.370909,CLEAN,SYNTHETIC_GENERATOR,2025-01-15T06:15:00Z
2025-01-16,DEMO-GOVT-005,Synthetic JPY sovereign bond,RATES,118.760405,2.61635,,,118.641645,118.879166,118.760405,CLEAN,SYNTHETIC_GENERATOR,2025-01-16T06:15:00Z
2025-01-17,DEMO-GOVT-005,Synthetic JPY sovereign bond,RATES,117.742905,2.613587,,,117.625162,117.860648,117.742905,CLEAN,SYNTHETIC_GENERATOR,2025-01-17T06:15:00Z
2025-01-20,DEMO-GOVT-005,Synthetic JPY sovereign bond,RATES,117.628281,2.611459,,,117.510652,117.745909,117.628281,CLEAN,SYNTHETIC_GENERATOR,2025-01-20T06:15:00Z
2025-01-21,DEMO-GOVT-005,Synthetic JPY sovereign bond,RATES,118.103068,2.563706,,,117.984965,118.221171,118.103068,CLEAN,SYNTHETIC_GENERATOR,2025-01-21T06:15:00Z
2025-01-22,DEMO-GOVT-005,Synthetic JPY sovereign bond,RATES,116.394005,2.601993,,,116.277611,116.510399,116.394005,CLEAN,SYNTHETIC_GENERATOR,2025-01-22T06:15:00Z
2025-01-23,DEMO-GOVT-005,Synthetic JPY sovereign bond,RATES,115.318061,2.632178,,,115.202743,115.433379,115.318061,CLEAN,SYNTHETIC_GENERATOR,2025-01-23T06:15:00Z
2025-01-24,DEMO-GOVT-005,Synthetic JPY sovereign bond,RATES,112.654187,2.62661,,,112.541533,112.766841,112.654187,CLEAN,SYNTHETIC_GENERATOR,2025-01-24T06:15:00Z
2025-01-27,DEMO-GOVT-005,Synthetic JPY sovereign bond,RATES,114.396894,2.665441,,,114.282497,114.511291,114.396894,CLEAN,SYNTHETIC_GENERATOR,2025-01-27T06:15:00Z
2025-01-28,DEMO-GOVT-005,Synthetic JPY sovereign bond,RATES,113.835,2.688491,,,113.721165,113.948835,113.835,CLEAN,SYNTHETIC_GENERATOR,2025-01-28T06:15:00Z
2025-01-29,DEMO-GOVT-005,Synthetic JPY sovereign bond,RATES,113.172019,2.620596,,,113.058847,113.285191,113.172019,CLEAN,SYNTHETIC_GENERATOR,2025-01-29T06:15:00Z
2025-01-30,DEMO-GOVT-005,Synthetic JPY sovereign bond,RATES,113.381567,2.57741,,,113.268186,113.494949,113.381567,CLEAN,SYNTHETIC_GENERATOR,2025-01-30T06:15:00Z
2025-01-31,DEMO-GOVT-005,Synthetic JPY sovereign bond,RATES,114.328765,2.582984,,,114.214437,114.443094,114.328765,CLEAN,SYNTHETIC_GENERATOR,2025-01-31T06:15:00Z
2025-02-03,DEMO-GOVT-005,Synthetic JPY sovereign bond,RATES,113.447516,2.510255,,,113.334069,113.560964,113.447516,CLEAN,SYNTHETIC_GENERATOR,2025-02-03T06:15:00Z
2025-02-04,DEMO-GOVT-005,Synthetic JPY sovereign bond,RATES,114.395348,2.473094,,,114.280953,114.509744,114.395348,CLEAN,SYNTHETIC_GENERATOR,2025-02-04T06:15:00Z
2025-02-05,DEMO-GOVT-005,Synthetic JPY sovereign bond,RATES,114.402028,2.459664,,,114.287626,114.51643,114.402028,CLEAN,SYNTHETIC_GENERATOR,2025-02-05T06:15:00Z
2025-02-06,DEMO-GOVT-005,Synthetic JPY sovereign bond,RATES,115.274214,2.496325,,,115.15894,115.389489,115.274214,CLEAN,SYNTHETIC_GENERATOR,2025-02-06T06:15:00Z
2025-02-07,DEMO-GOVT-005,Synthetic JPY sovereign bond,RATES,113.288524,2.451646,,,113.175235,113.401812,113.288524,CLEAN,SYNTHETIC_GENERATOR,2025-02-07T06:15:00Z
2025-02-10,DEMO-GOVT-005,Synthetic JPY sovereign bond,RATES,114.30461,2.459448,,,114.190306,114.418915,114.30461,CLEAN,SYNTHETIC_GENERATOR,2025-02-10T06:15:00Z
2025-02-11,DEMO-GOVT-005,Synthetic JPY sovereign bond,RATES,114.32605,2.446527,,,114.211723,114.440376,114.32605,CLEAN,SYNTHETIC_GENERATOR,2025-02-11T06:15:00Z
2025-02-12,DEMO-GOVT-005,Synthetic JPY sovereign bond,RATES,115.518291,2.413893,,,115.402773,115.63381,115.518291,CLEAN,SYNTHETIC_GENERATOR,2025-02-12T06:15:00Z
2025-02-13,DEMO-GOVT-005,Synthetic JPY sovereign bond,RATES,115.883817,2.36075,,,115.767933,115.999701,115.883817,CLEAN,SYNTHETIC_GENERATOR,2025-02-13T06:15:00Z
2025-02-14,DEMO-GOVT-005,Synthetic JPY sovereign bond,RATES,115.69218,2.367398,,,115.576488,115.807872,115.69218,CLEAN,SYNTHETIC_GENERATOR,2025-02-14T06:15:00Z
2025-01-14,DEMO-GOVT-006,Synthetic JPY sovereign bond,RATES,122.779971,2.749259,,,122.657191,122.902751,122.779971,CLEAN,SYNTHETIC_GENERATOR,2025-01-14T06:15:00Z
2025-01-15,DEMO-GOVT-006,Synthetic JPY sovereign bond,RATES,121.681353,2.727165,,,121.559672,121.803035,121.681353,CLEAN,SYNTHETIC_GENERATOR,2025-01-15T06:15:00Z
2025-01-16,DEMO-GOVT-006,Synthetic JPY sovereign bond,RATES,121.744896,2.705579,,,121.623151,121.866641,121.744896,CLEAN,SYNTHETIC_GENERATOR,2025-01-16T06:15:00Z
2025-01-17,DEMO-GOVT-006,Synthetic JPY sovereign bond,RATES,122.120269,2.722235,,,121.998148,122.242389,122.120269,CLEAN,SYNTHETIC_GENERATOR,2025-01-17T06:15:00Z
2025-01-20,DEMO-GOVT-006,Synthetic JPY sovereign bond,RATES,121.320699,2.704551,,,121.199378,121.442019,121.320699,CLEAN,SYNTHETIC_GENERATOR,2025-01-20T06:15:00Z
2025-01-21,DEMO-GOVT-006,Synthetic JPY sovereign bond,RATES,121.432811,2.733072,,,121.311378,121.554243,121.432811,CLEAN,SYNTHETIC_GENERATOR,2025-01-21T06:15:00Z
2025-01-22,DEMO-GOVT-006,Synthetic JPY sovereign bond,RATES,121.601814,2.687974,,,121.480212,121.723416,121.601814,CLEAN,SYNTHETIC_GENERATOR,2025-01-22T06:15:00Z
2025-01-23,DEMO-GOVT-006,Synthetic JPY sovereign bond,RATES,120.953109,2.64384,,,120.832156,121.074062,120.953109,CLEAN,SYNTHETIC_GENERATOR,2025-01-23T06:15:00Z
2025-01-24,DEMO-GOVT-006,Synthetic JPY sovereign bond,RATES,122.365335,2.670909,,,122.24297,122.487701,122.365335,CLEAN,SYNTHETIC_GENERATOR,2025-01-24T06:15:00Z
2025-01-27,DEMO-GOVT-006,Synthetic JPY sovereign bond,RATES,122.126686,2.653219,,,122.00456,122.248813,122.126686,CLEAN,SYNTHETIC_GENERATOR,2025-01-27T06:15:00Z
2025-01-28,DEMO-GOVT-006,Synthetic JPY sovereign bond,RATES,121.10309,2.637023,,,120.981987,121.224193,121.10309,CLEAN,SYNTHETIC_GENERATOR,2025-01-28T06:15:00Z
2025-01-29,DEMO-GOVT-006,Synthetic JPY sovereign bond,RATES,120.261087,2.635803,,,120.140826,120.381348,120.261087,CLEAN,SYNTHETIC_GENERATOR,2025-01-29T06:15:00Z
2025-01-30,DEMO-GOVT-006,Synthetic JPY sovereign bond,RATES,119.895275,2.635731,,,119.775379,120.01517,119.895275,CLEAN,SYNTHETIC_GENERATOR,2025-01-30T06:15:00Z
2025-01-31,DEMO-GOVT-006,Synthetic JPY sovereign bond,RATES,119.607188,2.6158,,,119.487581,119.726795,119.607188,CLEAN,SYNTHETIC_GENERATOR,2025-01-31T06:15:00Z
2025-02-03,DEMO-GOVT-006,Synthetic JPY sovereign bond,RATES,120.192834,2.528648,,,120.072642,120.313027,120.192834,CLEAN,SYNTHETIC_GENERATOR,2025-02-03T06:15:00Z
2025-02-04,DEMO-GOVT-006,Synthetic JPY sovereign bond,RATES,118.651813,2.509466,,,118.533161,118.770465,118.651813,CLEAN,SYNTHETIC_GENERATOR,2025-02-04T06:15:00Z
2025-02-05,DEMO-GOVT-006,Synthetic JPY sovereign bond,RATES,118.682296,2.489025,,,118.563614,118.800978,118.682296,CLEAN,SYNTHETIC_GENERATOR,2025-02-05T06:15:00Z
2025-02-06,DEMO-GOVT-006,Synthetic JPY sovereign bond,RATES,117.520446,2.497295,,,117.402926,117.637967,117.520446,CLEAN,SYNTHETIC_GENERATOR,2025-02-06T06:15:00Z
2025-02-07,DEMO-GOVT-006,Synthetic JPY sovereign bond,RATES,118.832633,2.553069,,,118.7138,118.951466,118.832633,CLEAN,SYNTHETIC_GENERATOR,2025-02-07T06:15:00Z
2025-02-10,DEMO-GOVT-006,Synthetic JPY sovereign bond,RATES,120.276123,2.593509,,,120.155847,120.396399,120.276123,CLEAN,SYNTHETIC_GENERATOR,2025-02-10T06:15:00Z
2025-02-11,DEMO-GOVT-006,Synthetic JPY sovereign bond,RATES,121.175449,2.60681,,,121.054274,121.296624,121.175449,CLEAN,SYNTHETIC_GENERATOR,2025-02-11T06:15:00Z
2025-02-12,DEMO-GOVT-006,Synthetic JPY sovereign bond,RATES,121.288212,2.613301,,,121.166923,121.4095,121.288212,CLEAN,SYNTHETIC_GENERATOR,2025-02-12T06:15:00Z
2025-02-13,DEMO-GOVT-006,Synthetic JPY sovereign bond,RATES,120.391962,2.561489,,,120.27157,120.512353,120.391962,CLEAN,SYNTHETIC_GENERATOR,2025-02-13T06:15:00Z
2025-02-14,DEMO-GOVT-006,Synthetic JPY sovereign bond,RATES,120.740168,2.591941,,,120.619428,120.860908,120.740168,CLEAN,SYNTHETIC_GENERATOR,2025-02-14T06:15:00Z
2025-01-14,DEMO-GOVT-007,Synthetic KRW sovereign bond,RATES,125.92457,2.874356,,,125.798645,126.050494,125.92457,CLEAN,SYNTHETIC_GENERATOR,2025-01-14T06:15:00Z
2025-01-15,DEMO-GOVT-007,Synthetic KRW sovereign bond,RATES,126.919802,2.884014,,,126.792882,127.046722,126.919802,CLEAN,SYNTHETIC_GENERATOR,2025-01-15T06:15:00Z
2025-01-16,DEMO-GOVT-007,Synthetic KRW sovereign bond,RATES,127.716787,2.776788,,,127.589071,127.844504,127.716787,CLEAN,SYNTHETIC_GENERATOR,2025-01-16T06:15:00Z
2025-01-17,DEMO-GOVT-007,Synthetic KRW sovereign bond,RATES,126.670349,2.76733,,,126.543679,126.797019,126.670349,CLEAN,SYNTHETIC_GENERATOR,2025-01-17T06:15:00Z
2025-01-20,DEMO-GOVT-007,Synthetic KRW sovereign bond,RATES,126.744366,2.786063,,,126.617622,126.87111,126.744366,CLEAN,SYNTHETIC_GENERATOR,2025-01-20T06:15:00Z
2025-01-21,DEMO-GOVT-007,Synthetic KRW sovereign bond,RATES,126.887035,2.798474,,,126.760148,127.013923,126.887035,CLEAN,SYNTHETIC_GENERATOR,2025-01-21T06:15:00Z
2025-01-22,DEMO-GOVT-007,Synthetic KRW sovereign bond,RATES,127.049218,2.754124,,,126.922169,127.176267,127.049218,CLEAN,SYNTHETIC_GENERATOR,2025-01-22T06:15:00Z
2025-01-23,DEMO-GOVT-007,Synthetic KRW sovereign bond,RATES,126.164838,2.690463,,,126.038674,126.291003,126.164838,CLEAN,SYNTHETIC_GENERATOR,2025-01-23T06:15:00Z
2025-01-24,DEMO-GOVT-007,Synthetic KRW sovereign bond,RATES,126.582793,2.769275,,,126.45621,126.709375,126.582793,CLEAN,SYNTHETIC_GENERATOR,2025-01-24T06:15:00Z
2025-01-27,DEMO-GOVT-007,Synthetic KRW sovereign bond,RATES,127.310358,2.769841,,,127.183047,127.437668,127.310358,CLEAN,SYNTHETIC_GENERATOR,2025-01-27T06:15:00Z
2025-01-28,DEMO-GOVT-007,Synthetic KRW sovereign bond,RATES,126.310891,2.75396,,,126.18458,126.437202,126.310891,CLEAN,SYNTHETIC_GENERATOR,2025-01-28T06:15:00Z
2025-01-29,DEMO-GOVT-007,Synthetic KRW sovereign bond,RATES,127.116679,2.732435,,,126.989563,127.243796,127.116679,CLEAN,SYNTHETIC_GENERATOR,2025-01-29T06:15:00Z
2025-01-30,DEMO-GOVT-007,Synthetic KRW sovereign bond,RATES,127.803385,2.668929,,,127.675582,127.931189,127.803385,CLEAN,SYNTHETIC_GENERATOR,2025-01-30T06:15:00Z
2025-01-31,DEMO-GOVT-007,Synthetic KRW sovereign bond,RATES,127.8272,2.658521,,,127.699373,127.955027,127.8272,CLEAN,SYNTHETIC_GENERATOR,2025-01-31T06:15:00Z
2025-02-03,DEMO-GOVT-007,Synthetic KRW sovereign bond,RATES,127.238755,2.629043,,,127.111516,127.365993,127.238755,CLEAN,SYNTHETIC_GENERATOR,2025-02-03T06:15:00Z
2025-02-04,DEMO-GOVT-007,Synthetic KRW sovereign bond,RATES,126.477866,2.64866,,,126.351388,126.604344,126.477866,CLEAN,SYNTHETIC_GENERATOR,2025-02-04T06:15:00Z
2025-02-05,DEMO-GOVT-007,Synthetic KRW sovereign bond,RATES,127.816959,2.582505,,,127.689142,127.944776,127.816959,CLEAN,SYNTHETIC_GENERATOR,2025-02-05T06:15:00Z
2025-02-06,DEMO-GOVT-007,Synthetic KRW sovereign bond,RATES,128.106459,2.547815,,,127.978352,128.234565,128.106459,CLEAN,SYNTHETIC_GENERATOR,2025-02-06T06:15:00Z
2025-02-07,DEMO-GOVT-007,Synthetic KRW sovereign bond,RATES,128.2569,2.549801,,,128.128643,128.385157,128.2569,CLEAN,SYNTHETIC_GENERATOR,2025-02-07T06:15:00Z
2025-02-10,DEMO-GOVT-007,Synthetic KRW sovereign bond,RATES,128.632769,2.574082,,,128.504136,128.761401,128.632769,CLEAN,SYNTHETIC_GENERATOR,2025-02-10T06:15:00Z
2025-02-11,DEMO-GOVT-007,Synthetic KRW sovereign bond,RATES,129.377158,2.555489,,,129.24778,129.506535,129.377158,CLEAN,SYNTHETIC_GENERATOR,2025-02-11T06:15:00Z
2025-02-12,DEMO-GOVT-007,Synthetic KRW sovereign bond,RATES,129.40982,2.523331,,,129.28041,129.53923,129.40982,CLEAN,SYNTHETIC_GENERATOR,2025-02-12T06:15:00Z
2025-02-13,DEMO-GOVT-007,Synthetic KRW sovereign bond,RATES,130.297379,2.514268,,,130.167081,130.427676,130.297379,CLEAN,SYNTHETIC_GENERATOR,2025-02-13T06:15:00Z
2025-02-14,DEMO-GOVT-007,Synthetic KRW sovereign bond,RATES,131.536002,2.537541,,,131.404466,131.667538,131.536002,CLEAN,SYNTHETIC_GENERATOR,2025-02-14T06:15:00Z
2025-01-14,DEMO-GOVT-008,Synthetic SGD sovereign bond,RATES,129.394806,2.865167,,,129.265411,129.524201,129.394806,CLEAN,SYNTHETIC_GENERATOR,2025-01-14T06:15:00Z
2025-01-15,DEMO-GOVT-008,Synthetic SGD sovereign bond,RATES,129.450435,2.910162,,,129.320985,129.579886,129.450435,CLEAN,SYNTHETIC_GENERATOR,2025-01-15T06:15:00Z
2025-01-16,DEMO-GOVT-008,Synthetic SGD sovereign bond,RATES,128.49087,2.921235,,,128.362379,128.619361,128.49087,CLEAN,SYNTHETIC_GENERATOR,2025-01-16T06:15:00Z
2025-01-17,DEMO-GOVT-008,Synthetic SGD sovereign bond,RATES,127.733464,2.94062,,,127.60573,127.861197,127.733464,CLEAN,SYNTHETIC_GENERATOR,2025-01-17T06:15:00Z
2025-01-20,DEMO-GOVT-008,Synthetic SGD sovereign bond,RATES,130.466618,2.983446,,,130.336152,130.597085,130.466618,CLEAN,SYNTHETIC_GENERATOR,2025-01-20T06:15:00Z
2025-01-21,DEMO-GOVT-008,Synthetic SGD sovereign bond,RATES,130.717635,2.966416,,,130.586917,130.848353,130.717635,CLEAN,SYNTHETIC_GENERATOR,2025-01-21T06:15:00Z
2025-01-22,DEMO-GOVT-008,Synthetic SGD sovereign bond,RATES,133.037807,2.997248,,,132.904769,133.170844,133.037807,CLEAN,SYNTHETIC_GENERATOR,2025-01-22T06:15:00Z
2025-01-23,DEMO-GOVT-008,Synthetic SGD sovereign bond,RATES,133.106833,2.965877,,,132.973727,133.23994,133.106833,CLEAN,SYNTHETIC_GENERATOR,2025-01-23T06:15:00Z
2025-01-24,DEMO-GOVT-008,Synthetic SGD sovereign bond,RATES,132.993916,3.01948,,,132.860922,133.12691,132.993916,CLEAN,SYNTHETIC_GENERATOR,2025-01-24T06:15:00Z
2025-01-27,DEMO-GOVT-008,Synthetic SGD sovereign bond,RATES,133.445517,3.092262,,,133.312071,133.578962,133.445517,CLEAN,SYNTHETIC_GENERATOR,2025-01-27T06:15:00Z
2025-01-28,DEMO-GOVT-008,Synthetic SGD sovereign bond,RATES,133.336813,3.076911,,,133.203476,133.47015,133.336813,CLEAN,SYNTHETIC_GENERATOR,2025-01-28T06:15:00Z
2025-01-29,DEMO-GOVT-008,Synthetic SGD sovereign bond,RATES,133.425542,3.138723,,,133.292116,133.558967,133.425542,CLEAN,SYNTHETIC_GENERATOR,2025-01-29T06:15:00Z
2025-01-30,DEMO-GOVT-008,Synthetic SGD sovereign bond,RATES,133.070372,3.134971,,,132.937301,133.203442,133.070372,CLEAN,SYNTHETIC_GENERATOR,2025-01-30T06:15:00Z
2025-01-31,DEMO-GOVT-008,Synthetic SGD sovereign bond,RATES,134.572538,3.165819,,,134.437966,134.707111,134.572538,CLEAN,SYNTHETIC_GENERATOR,2025-01-31T06:15:00Z
2025-02-03,DEMO-GOVT-008,Synthetic SGD sovereign bond,RATES,133.802062,3.236183,,,133.66826,133.935864,133.802062,CLEAN,SYNTHETIC_GENERATOR,2025-02-03T06:15:00Z
2025-02-04,DEMO-GOVT-008,Synthetic SGD sovereign bond,RATES,131.694011,3.216877,,,131.562317,131.825705,131.694011,CLEAN,SYNTHETIC_GENERATOR,2025-02-04T06:15:00Z
2025-02-05,DEMO-GOVT-008,Synthetic SGD sovereign bond,RATES,131.818953,3.253014,,,131.687134,131.950772,131.818953,CLEAN,SYNTHETIC_GENERATOR,2025-02-05T06:15:00Z
2025-02-06,DEMO-GOVT-008,Synthetic SGD sovereign bond,RATES,130.193908,3.172709,,,130.063714,130.324102,130.193908,CLEAN,SYNTHETIC_GENERATOR,2025-02-06T06:15:00Z
2025-02-07,DEMO-GOVT-008,Synthetic SGD sovereign bond,RATES,132.185464,3.178605,,,132.053279,132.31765,132.185464,CLEAN,SYNTHETIC_GENERATOR,2025-02-07T06:15:00Z
2025-02-10,DEMO-GOVT-008,Synthetic SGD sovereign bond,RATES,131.714883,3.095049,,,131.583168,131.846598,131.714883,CLEAN,SYNTHETIC_GENERATOR,2025-02-10T06:15:00Z
2025-02-11,DEMO-GOVT-008,Synthetic SGD sovereign bond,RATES,131.894451,3.078359,,,131.762556,132.026345,131.894451,CLEAN,SYNTHETIC_GENERATOR,2025-02-11T06:15:00Z
2025-02-12,DEMO-GOVT-008,Synthetic SGD sovereign bond,RATES,132.899094,3.139329,,,132.766195,133.031993,132.899094,CLEAN,SYNTHETIC_GENERATOR,2025-02-12T06:15:00Z
2025-02-13,DEMO-GOVT-008,Synthetic SGD sovereign bond,RATES,133.319688,3.132784,,,133.186369,133.453008,133.319688,CLEAN,SYNTHETIC_GENERATOR,2025-02-13T06:15:00Z
2025-02-14,DEMO-GOVT-008,Synthetic SGD sovereign bond,RATES,132.93189,3.153344,,,132.798958,133.064822,132.93189,CLEAN,SYNTHETIC_GENERATOR,2025-02-14T06:15:00Z
2025-01-14,DEMO-GOVT-009,Synthetic AUD sovereign bond,RATES,133.02297,3.003819,,,132.889947,133.155993,133.02297,CLEAN,SYNTHETIC_GENERATOR,2025-01-14T06:15:00Z
2025-01-15,DEMO-GOVT-009,Synthetic AUD sovereign bond,RATES,131.769094,3.054106,,,131.637325,131.900863,131.769094,CLEAN,SYNTHETIC_GENERATOR,2025-01-15T06:15:00Z
2025-01-16,DEMO-GOVT-009,Synthetic AUD sovereign bond,RATES,131.769495,3.071398,,,131.637725,131.901264,131.769495,CLEAN,SYNTHETIC_GENERATOR,2025-01-16T06:15:00Z
2025-01-17,DEMO-GOVT-009,Synthetic AUD sovereign bond,RATES,132.818836,3.085624,,,132.686017,132.951655,132.818836,CLEAN,SYNTHETIC_GENERATOR,2025-01-17T06:15:00Z
2025-01-20,DEMO-GOVT-009,Synthetic AUD sovereign bond,RATES,131.396154,3.076482,,,131.264758,131.52755,131.396154,CLEAN,SYNTHETIC_GENERATOR,2025-01-20T06:15:00Z
2025-01-21,DEMO-GOVT-009,Synthetic AUD sovereign bond,RATES,130.641678,3.133376,,,130.511036,130.772319,130.641678,CLEAN,SYNTHETIC_GENERATOR,2025-01-21T06:15:00Z
2025-01-22,DEMO-GOVT-009,Synthetic AUD sovereign bond,RATES,130.36419,3.138325,,,130.233826,130.494554,130.36419,CLEAN,SYNTHETIC_GENERATOR,2025-01-22T06:15:00Z
2025-01-23,DEMO-GOVT-009,Synthetic AUD sovereign bond,RATES,130.318398,3.098307,,,130.18808,130.448717,130.318398,CLEAN,SYNTHETIC_GENERATOR,2025-01-23T06:15:00Z
2025-01-24,DEMO-GOVT-009,Synthetic AUD sovereign bond,RATES,130.983444,3.044807,,,130.852461,131.114428,130.983444,CLEAN,SYNTHETIC_GENERATOR,2025-01-24T06:15:00Z
2025-01-27,DEMO-GOVT-009,Synthetic AUD sovereign bond,RATES,130.975393,3.029847,,,130.844418,131.106369,130.975393,CLEAN,SYNTHETIC_GENERATOR,2025-01-27T06:15:00Z
2025-01-28,DEMO-GOVT-009,Synthetic AUD sovereign bond,RATES,128.78271,2.971786,,,128.653927,128.911493,128.78271,CLEAN,SYNTHETIC_GENERATOR,2025-01-28T06:15:00Z
2025-01-29,DEMO-GOVT-009,Synthetic AUD sovereign bond,RATES,130.101926,2.992452,,,129.971824,130.232028,130.101926,CLEAN,SYNTHETIC_GENERATOR,2025-01-29T06:15:00Z
2025-01-30,DEMO-GOVT-009,Synthetic AUD sovereign bond,RATES,131.038366,2.952659,,,130.907327,131.169404,131.038366,CLEAN,SYNTHETIC_GENERATOR,2025-01-30T06:15:00Z
2025-01-31,DEMO-GOVT-009,Synthetic AUD sovereign bond,RATES,131.514764,2.923134,,,131.383249,131.646279,131.514764,CLEAN,SYNTHETIC_GENERATOR,2025-01-31T06:15:00Z
2025-02-03,DEMO-GOVT-009,Synthetic AUD sovereign bond,RATES,132.247996,2.955103,,,132.115748,132.380244,132.247996,CLEAN,SYNTHETIC_GENERATOR,2025-02-03T06:15:00Z
2025-02-04,DEMO-GOVT-009,Synthetic AUD sovereign bond,RATES,132.233516,2.953017,,,132.101283,132.36575,132.233516,CLEAN,SYNTHETIC_GENERATOR,2025-02-04T06:15:00Z
2025-02-05,DEMO-GOVT-009,Synthetic AUD sovereign bond,RATES,132.100332,2.885363,,,131.968232,132.232433,132.100332,CLEAN,SYNTHETIC_GENERATOR,2025-02-05T06:15:00Z
2025-02-06,DEMO-GOVT-009,Synthetic AUD sovereign bond,RATES,132.207574,2.980686,,,132.075367,132.339782,132.207574,CLEAN,SYNTHETIC_GENERATOR,2025-02-06T06:15:00Z
2025-02-07,DEMO-GOVT-009,Synthetic AUD sovereign bond,RATES,130.825384,2.998375,,,130.694559,130.956209,130.825384,CLEAN,SYNTHETIC_GENERATOR,2025-02-07T06:15:00Z
2025-02-10,DEMO-GOVT-009,Synthetic AUD sovereign bond,RATES,130.526078,3.072983,,,130.395552,130.656604,130.526078,CLEAN,SYNTHETIC_GENERATOR,2025-02-10T06:15:00Z
2025-02-11,DEMO-GOVT-009,Synthetic AUD sovereign bond,RATES,129.437556,3.092393,,,129.308118,129.566993,129.437556,CLEAN,SYNTHETIC_GENERATOR,2025-02-11T06:15:00Z
2025-02-12,DEMO-GOVT-009,Synthetic AUD sovereign bond,RATES,130.219841,3.16817,,,130.089622,130.350061,130.219841,CLEAN,SYNTHETIC_GENERATOR,2025-02-12T06:15:00Z
2025-02-13,DEMO-GOVT-009,Synthetic AUD sovereign bond,RATES,131.620695,3.168064,,,131.489075,131.752316,131.620695,CLEAN,SYNTHETIC_GENERATOR,2025-02-13T06:15:00Z
2025-02-14,DEMO-GOVT-009,Synthetic AUD sovereign bond,RATES,131.019706,3.130749,,,130.888687,131.150726,131.019706,CLEAN,SYNTHETIC_GENERATOR,2025-02-14T06:15:00Z
2025-01-14,DEMO-GOVT-010,Synthetic KRW sovereign bond,RATES,136.084445,2.985766,,,135.948361,136.22053,136.084445,CLEAN,SYNTHETIC_GENERATOR,2025-01-14T06:15:00Z
2025-01-15,DEMO-GOVT-010,Synthetic KRW sovereign bond,RATES,135.585166,3.035683,,,135.449581,135.720751,135.585166,CLEAN,SYNTHETIC_GENERATOR,2025-01-15T06:15:00Z
2025-01-16,DEMO-GOVT-010,Synthetic KRW sovereign bond,RATES,135.257796,3.03857,,,135.122538,135.393054,135.257796,CLEAN,SYNTHETIC_GENERATOR,2025-01-16T06:15:00Z
2025-01-17,DEMO-GOVT-010,Synthetic KRW sovereign bond,RATES,134.137385,3.041642,,,134.003248,134.271522,134.137385,CLEAN,SYNTHETIC_GENERATOR,2025-01-17T06:15:00Z
2025-01-20,DEMO-GOVT-010,Synthetic KRW sovereign bond,RATES,135.044485,3.065971,,,134.909441,135.17953,135.044485,CLEAN,SYNTHETIC_GENERATOR,2025-01-20T06:15:00Z
2025-01-21,DEMO-GOVT-010,Synthetic KRW sovereign bond,RATES,134.760969,3.009093,,,134.626208,134.89573,134.760969,CLEAN,SYNTHETIC_GENERATOR,2025-01-21T06:15:00Z
2025-01-22,DEMO-GOVT-010,Synthetic KRW sovereign bond,RATES,134.38889,2.976255,,,134.254501,134.523279,134.38889,CLEAN,SYNTHETIC_GENERATOR,2025-01-22T06:15:00Z
2025-01-23,DEMO-GOVT-010,Synthetic KRW sovereign bond,RATES,133.125145,2.964257,,,132.99202,133.258271,133.125145,CLEAN,SYNTHETIC_GENERATOR,2025-01-23T06:15:00Z
2025-01-24,DEMO-GOVT-010,Synthetic KRW sovereign bond,RATES,132.559229,2.955454,,,132.426669,132.691788,132.559229,CLEAN,SYNTHETIC_GENERATOR,2025-01-24T06:15:00Z
2025-01-27,DEMO-GOVT-010,Synthetic KRW sovereign bond,RATES,133.394321,3.071777,,,133.260926,133.527715,133.394321,CLEAN,SYNTHETIC_GENERATOR,2025-01-27T06:15:00Z
2025-01-28,DEMO-GOVT-010,Synthetic KRW sovereign bond,RATES,133.869689,2.973104,,,133.73582,134.003559,133.869689,CLEAN,SYNTHETIC_GENERATOR,2025-01-28T06:15:00Z
2025-01-29,DEMO-GOVT-010,Synthetic KRW sovereign bond,RATES,132.906664,2.94931,,,132.773758,133.039571,132.906664,CLEAN,SYNTHETIC_GENERATOR,2025-01-29T06:15:00Z
2025-01-30,DEMO-GOVT-010,Synthetic KRW sovereign bond,RATES,131.519142,2.963341,,,131.387623,131.650661,131.519142,CLEAN,SYNTHETIC_GENERATOR,2025-01-30T06:15:00Z
2025-01-31,DEMO-GOVT-010,Synthetic KRW sovereign bond,RATES,131.490539,2.949555,,,131.359049,131.62203,131.490539,CLEAN,SYNTHETIC_GENERATOR,2025-01-31T06:15:00Z
2025-02-03,DEMO-GOVT-010,Synthetic KRW sovereign bond,RATES,130.209557,2.909903,,,130.079347,130.339766,130.209557,CLEAN,SYNTHETIC_GENERATOR,2025-02-03T06:15:00Z
2025-02-04,DEMO-GOVT-010,Synthetic KRW sovereign bond,RATES,130.179015,2.974096,,,130.048836,130.309194,130.179015,CLEAN,SYNTHETIC_GENERATOR,2025-02-04T06:15:00Z
2025-02-05,DEMO-GOVT-010,Synthetic KRW sovereign bond,RATES,130.767183,2.936818,,,130.636416,130.89795,130.767183,CLEAN,SYNTHETIC_GENERATOR,2025-02-05T06:15:00Z
2025-02-06,DEMO-GOVT-010,Synthetic KRW sovereign bond,RATES,130.117904,2.924277,,,129.987786,130.248022,130.117904,CLEAN,SYNTHETIC_GENERATOR,2025-02-06T06:15:00Z
2025-02-07,DEMO-GOVT-010,Synthetic KRW sovereign bond,RATES,129.914819,2.938537,,,129.784904,130.044734,129.914819,CLEAN,SYNTHETIC_GENERATOR,2025-02-07T06:15:00Z
2025-02-10,DEMO-GOVT-010,Synthetic KRW sovereign bond,RATES,129.851572,2.926223,,,129.721721,129.981424,129.851572,CLEAN,SYNTHETIC_GENERATOR,2025-02-10T06:15:00Z
2025-02-11,DEMO-GOVT-010,Synthetic KRW sovereign bond,RATES,130.963335,2.956043,,,130.832372,131.094299,130.963335,CLEAN,SYNTHETIC_GENERATOR,2025-02-11T06:15:00Z
2025-02-12,DEMO-GOVT-010,Synthetic KRW sovereign bond,RATES,130.41714,2.959588,,,130.286722,130.547557,130.41714,CLEAN,SYNTHETIC_GENERATOR,2025-02-12T06:15:00Z
2025-02-13,DEMO-GOVT-010,Synthetic KRW sovereign bond,RATES,130.727867,2.953016,,,130.597139,130.858595,130.727867,CLEAN,SYNTHETIC_GENERATOR,2025-02-13T06:15:00Z
2025-02-14,DEMO-GOVT-010,Synthetic KRW sovereign bond,RATES,129.360871,2.933955,,,129.23151,129.490232,129.360871,CLEAN,SYNTHETIC_GENERATOR,2025-02-14T06:15:00Z
2025-01-14,DEMO-IRS-001,Synthetic JPY receive/pay-fixed swap,RATES,,3.135246,,,,,,PAR_RATE,SYNTHETIC_GENERATOR,2025-01-14T06:15:00Z
2025-01-15,DEMO-IRS-001,Synthetic JPY receive/pay-fixed swap,RATES,,3.081941,,,,,,PAR_RATE,SYNTHETIC_GENERATOR,2025-01-15T06:15:00Z
2025-01-16,DEMO-IRS-001,Synthetic JPY receive/pay-fixed swap,RATES,,3.109792,,,,,,PAR_RATE,SYNTHETIC_GENERATOR,2025-01-16T06:15:00Z
2025-01-17,DEMO-IRS-001,Synthetic JPY receive/pay-fixed swap,RATES,,3.109121,,,,,,PAR_RATE,SYNTHETIC_GENERATOR,2025-01-17T06:15:00Z
2025-01-20,DEMO-IRS-001,Synthetic JPY receive/pay-fixed swap,RATES,,3.101762,,,,,,PAR_RATE,SYNTHETIC_GENERATOR,2025-01-20T06:15:00Z
2025-01-21,DEMO-IRS-001,Synthetic JPY receive/pay-fixed swap,RATES,,3.134678,,,,,,PAR_RATE,SYNTHETIC_GENERATOR,2025-01-21T06:15:00Z
2025-01-22,DEMO-IRS-001,Synthetic JPY receive/pay-fixed swap,RATES,,3.059671,,,,,,PAR_RATE,SYNTHETIC_GENERATOR,2025-01-22T06:15:00Z
2025-01-23,DEMO-IRS-001,Synthetic JPY receive/pay-fixed swap,RATES,,3.071721,,,,,,PAR_RATE,SYNTHETIC_GENERATOR,2025-01-23T06:15:00Z
2025-01-24,DEMO-IRS-001,Synthetic JPY receive/pay-fixed swap,RATES,,3.090786,,,,,,PAR_RATE,SYNTHETIC_GENERATOR,2025-01-24T06:15:00Z
2025-01-27,DEMO-IRS-001,Synthetic JPY receive/pay-fixed swap,RATES,,3.139967,,,,,,PAR_RATE,SYNTHETIC_GENERATOR,2025-01-27T06:15:00Z
2025-01-28,DEMO-IRS-001,Synthetic JPY receive/pay-fixed swap,RATES,,3.136928,,,,,,PAR_RATE,SYNTHETIC_GENERATOR,2025-01-28T06:15:00Z
2025-01-29,DEMO-IRS-001,Synthetic JPY receive/pay-fixed swap,RATES,,3.060718,,,,,,PAR_RATE,SYNTHETIC_GENERATOR,2025-01-29T06:15:00Z
2025-01-30,DEMO-IRS-001,Synthetic JPY receive/pay-fixed swap,RATES,,3.047582,,,,,,PAR_RATE,SYNTHETIC_GENERATOR,2025-01-30T06:15:00Z
2025-01-31,DEMO-IRS-001,Synthetic JPY receive/pay-fixed swap,RATES,,3.018788,,,,,,PAR_RATE,SYNTHETIC_GENERATOR,2025-01-31T06:15:00Z
2025-02-03,DEMO-IRS-001,Synthetic JPY receive/pay-fixed swap,RATES,,2.966329,,,,,,PAR_RATE,SYNTHETIC_GENERATOR,2025-02-03T06:15:00Z
2025-02-04,DEMO-IRS-001,Synthetic JPY receive/pay-fixed swap,RATES,,2.932538,,,,,,PAR_RATE,SYNTHETIC_GENERATOR,2025-02-04T06:15:00Z
2025-02-05,DEMO-IRS-001,Synthetic JPY receive/pay-fixed swap,RATES,,2.908638,,,,,,PAR_RATE,SYNTHETIC_GENERATOR,2025-02-05T06:15:00Z
2025-02-06,DEMO-IRS-001,Synthetic JPY receive/pay-fixed swap,RATES,,2.916824,,,,,,PAR_RATE,SYNTHETIC_GENERATOR,2025-02-06T06:15:00Z
2025-02-07,DEMO-IRS-001,Synthetic JPY receive/pay-fixed swap,RATES,,2.879071,,,,,,PAR_RATE,SYNTHETIC_GENERATOR,2025-02-07T06:15:00Z
2025-02-10,DEMO-IRS-001,Synthetic JPY receive/pay-fixed swap,RATES,,2.854499,,,,,,PAR_RATE,SYNTHETIC_GENERATOR,2025-02-10T06:15:00Z
2025-02-11,DEMO-IRS-001,Synthetic JPY receive/pay-fixed swap,RATES,,2.84622,,,,,,PAR_RATE,SYNTHETIC_GENERATOR,2025-02-11T06:15:00Z
2025-02-12,DEMO-IRS-001,Synthetic JPY receive/pay-fixed swap,RATES,,2.818329,,,,,,PAR_RATE,SYNTHETIC_GENERATOR,2025-02-12T06:15:00Z
2025-02-13,DEMO-IRS-001,Synthetic JPY receive/pay-fixed swap,RATES,,2.81553,,,,,,PAR_RATE,SYNTHETIC_GENERATOR,2025-02-13T06:15:00Z
2025-02-14,DEMO-IRS-001,Synthetic JPY receive/pay-fixed swap,RATES,,2.874568,,,,,,PAR_RATE,SYNTHETIC_GENERATOR,2025-02-14T06:15:00Z
2025-01-14,DEMO-IRS-002,Synthetic KRW receive/pay-fixed swap,RATES,,3.111699,,,,,,PAR_RATE,SYNTHETIC_GENERATOR,2025-01-14T06:15:00Z
2025-01-15,DEMO-IRS-002,Synthetic KRW receive/pay-fixed swap,RATES,,3.182896,,,,,,PAR_RATE,SYNTHETIC_GENERATOR,2025-01-15T06:15:00Z
2025-01-16,DEMO-IRS-002,Synthetic KRW receive/pay-fixed swap,RATES,,3.157968,,,,,,PAR_RATE,SYNTHETIC_GENERATOR,2025-01-16T06:15:00Z
2025-01-17,DEMO-IRS-002,Synthetic KRW receive/pay-fixed swap,RATES,,3.076679,,,,,,PAR_RATE,SYNTHETIC_GENERATOR,2025-01-17T06:15:00Z
2025-01-20,DEMO-IRS-002,Synthetic KRW receive/pay-fixed swap,RATES,,3.093931,,,,,,PAR_RATE,SYNTHETIC_GENERATOR,2025-01-20T06:15:00Z
2025-01-21,DEMO-IRS-002,Synthetic KRW receive/pay-fixed swap,RATES,,3.165948,,,,,,PAR_RATE,SYNTHETIC_GENERATOR,2025-01-21T06:15:00Z
2025-01-22,DEMO-IRS-002,Synthetic KRW receive/pay-fixed swap,RATES,,3.135759,,,,,,PAR_RATE,SYNTHETIC_GENERATOR,2025-01-22T06:15:00Z
2025-01-23,DEMO-IRS-002,Synthetic KRW receive/pay-fixed swap,RATES,,3.173302,,,,,,PAR_RATE,SYNTHETIC_GENERATOR,2025-01-23T06:15:00Z
2025-01-24,DEMO-IRS-002,Synthetic KRW receive/pay-fixed swap,RATES,,3.131034,,,,,,PAR_RATE,SYNTHETIC_GENERATOR,2025-01-24T06:15:00Z
2025-01-27,DEMO-IRS-002,Synthetic KRW receive/pay-fixed swap,RATES,,3.116316,,,,,,PAR_RATE,SYNTHETIC_GENERATOR,2025-01-27T06:15:00Z
2025-01-28,DEMO-IRS-002,Synthetic KRW receive/pay-fixed swap,RATES,,3.088148,,,,,,PAR_RATE,SYNTHETIC_GENERATOR,2025-01-28T06:15:00Z
2025-01-29,DEMO-IRS-002,Synthetic KRW receive/pay-fixed swap,RATES,,3.198269,,,,,,PAR_RATE,SYNTHETIC_GENERATOR,2025-01-29T06:15:00Z
2025-01-30,DEMO-IRS-002,Synthetic KRW receive/pay-fixed swap,RATES,,3.233609,,,,,,PAR_RATE,SYNTHETIC_GENERATOR,2025-01-30T06:15:00Z
2025-01-31,DEMO-IRS-002,Synthetic KRW receive/pay-fixed swap,RATES,,3.122466,,,,,,PAR_RATE,SYNTHETIC_GENERATOR,2025-01-31T06:15:00Z
2025-02-03,DEMO-IRS-002,Synthetic KRW receive/pay-fixed swap,RATES,,3.077101,,,,,,PAR_RATE,SYNTHETIC_GENERATOR,2025-02-03T06:15:00Z
2025-02-04,DEMO-IRS-002,Synthetic KRW receive/pay-fixed swap,RATES,,3.083706,,,,,,PAR_RATE,SYNTHETIC_GENERATOR,2025-02-04T06:15:00Z
2025-02-05,DEMO-IRS-002,Synthetic KRW receive/pay-fixed swap,RATES,,3.009428,,,,,,PAR_RATE,SYNTHETIC_GENERATOR,2025-02-05T06:15:00Z
2025-02-06,DEMO-IRS-002,Synthetic KRW receive/pay-fixed swap,RATES,,3.00778,,,,,,PAR_RATE,SYNTHETIC_GENERATOR,2025-02-06T06:15:00Z
2025-02-07,DEMO-IRS-002,Synthetic KRW receive/pay-fixed swap,RATES,,3.080704,,,,,,PAR_RATE,SYNTHETIC_GENERATOR,2025-02-07T06:15:00Z
2025-02-10,DEMO-IRS-002,Synthetic KRW receive/pay-fixed swap,RATES,,3.05059,,,,,,PAR_RATE,SYNTHETIC_GENERATOR,2025-02-10T06:15:00Z
2025-02-11,DEMO-IRS-002,Synthetic KRW receive/pay-fixed swap,RATES,,2.990798,,,,,,PAR_RATE,SYNTHETIC_GENERATOR,2025-02-11T06:15:00Z
2025-02-12,DEMO-IRS-002,Synthetic KRW receive/pay-fixed swap,RATES,,3.031625,,,,,,PAR_RATE,SYNTHETIC_GENERATOR,2025-02-12T06:15:00Z
2025-02-13,DEMO-IRS-002,Synthetic KRW receive/pay-fixed swap,RATES,,2.97045,,,,,,PAR_RATE,SYNTHETIC_GENERATOR,2025-02-13T06:15:00Z
2025-02-14,DEMO-IRS-002,Synthetic KRW receive/pay-fixed swap,RATES,,2.902438,,,,,,PAR_RATE,SYNTHETIC_GENERATOR,2025-02-14T06:15:00Z
2025-01-14,DEMO-IRS-003,Synthetic AUD receive/pay-fixed swap,RATES,,3.227028,,,,,,PAR_RATE,SYNTHETIC_GENERATOR,2025-01-14T06:15:00Z
2025-01-15,DEMO-IRS-003,Synthetic AUD receive/pay-fixed swap,RATES,,3.201718,,,,,,PAR_RATE,SYNTHETIC_GENERATOR,2025-01-15T06:15:00Z
2025-01-16,DEMO-IRS-003,Synthetic AUD receive/pay-fixed swap,RATES,,3.273117,,,,,,PAR_RATE,SYNTHETIC_GENERATOR,2025-01-16T06:15:00Z
2025-01-17,DEMO-IRS-003,Synthetic AUD receive/pay-fixed swap,RATES,,3.245638,,,,,,PAR_RATE,SYNTHETIC_GENERATOR,2025-01-17T06:15:00Z
2025-01-20,DEMO-IRS-003,Synthetic AUD receive/pay-fixed swap,RATES,,3.381219,,,,,,PAR_RATE,SYNTHETIC_GENERATOR,2025-01-20T06:15:00Z
2025-01-21,DEMO-IRS-003,Synthetic AUD receive/pay-fixed swap,RATES,,3.486768,,,,,,PAR_RATE,SYNTHETIC_GENERATOR,2025-01-21T06:15:00Z
2025-01-22,DEMO-IRS-003,Synthetic AUD receive/pay-fixed swap,RATES,,3.416946,,,,,,PAR_RATE,SYNTHETIC_GENERATOR,2025-01-22T06:15:00Z
2025-01-23,DEMO-IRS-003,Synthetic AUD receive/pay-fixed swap,RATES,,3.403555,,,,,,PAR_RATE,SYNTHETIC_GENERATOR,2025-01-23T06:15:00Z
2025-01-24,DEMO-IRS-003,Synthetic AUD receive/pay-fixed swap,RATES,,3.400429,,,,,,PAR_RATE,SYNTHETIC_GENERATOR,2025-01-24T06:15:00Z
2025-01-27,DEMO-IRS-003,Synthetic AUD receive/pay-fixed swap,RATES,,3.385671,,,,,,PAR_RATE,SYNTHETIC_GENERATOR,2025-01-27T06:15:00Z
2025-01-28,DEMO-IRS-003,Synthetic AUD receive/pay-fixed swap,RATES,,3.347057,,,,,,PAR_RATE,SYNTHETIC_GENERATOR,2025-01-28T06:15:00Z
2025-01-29,DEMO-IRS-003,Synthetic AUD receive/pay-fixed swap,RATES,,3.369289,,,,,,PAR_RATE,SYNTHETIC_GENERATOR,2025-01-29T06:15:00Z
2025-01-30,DEMO-IRS-003,Synthetic AUD receive/pay-fixed swap,RATES,,3.374663,,,,,,PAR_RATE,SYNTHETIC_GENERATOR,2025-01-30T06:15:00Z
2025-01-31,DEMO-IRS-003,Synthetic AUD receive/pay-fixed swap,RATES,,3.448666,,,,,,PAR_RATE,SYNTHETIC_GENERATOR,2025-01-31T06:15:00Z
2025-02-03,DEMO-IRS-003,Synthetic AUD receive/pay-fixed swap,RATES,,3.422181,,,,,,PAR_RATE,SYNTHETIC_GENERATOR,2025-02-03T06:15:00Z
2025-02-04,DEMO-IRS-003,Synthetic AUD receive/pay-fixed swap,RATES,,3.455401,,,,,,PAR_RATE,SYNTHETIC_GENERATOR,2025-02-04T06:15:00Z
2025-02-05,DEMO-IRS-003,Synthetic AUD receive/pay-fixed swap,RATES,,3.390656,,,,,,PAR_RATE,SYNTHETIC_GENERATOR,2025-02-05T06:15:00Z
2025-02-06,DEMO-IRS-003,Synthetic AUD receive/pay-fixed swap,RATES,,3.341149,,,,,,PAR_RATE,SYNTHETIC_GENERATOR,2025-02-06T06:15:00Z
2025-02-07,DEMO-IRS-003,Synthetic AUD receive/pay-fixed swap,RATES,,3.318537,,,,,,PAR_RATE,SYNTHETIC_GENERATOR,2025-02-07T06:15:00Z
2025-02-10,DEMO-IRS-003,Synthetic AUD receive/pay-fixed swap,RATES,,3.380579,,,,,,PAR_RATE,SYNTHETIC_GENERATOR,2025-02-10T06:15:00Z
2025-02-11,DEMO-IRS-003,Synthetic AUD receive/pay-fixed swap,RATES,,3.365223,,,,,,PAR_RATE,SYNTHETIC_GENERATOR,2025-02-11T06:15:00Z
2025-02-12,DEMO-IRS-003,Synthetic AUD receive/pay-fixed swap,RATES,,3.473961,,,,,,PAR_RATE,SYNTHETIC_GENERATOR,2025-02-12T06:15:00Z
2025-02-13,DEMO-IRS-003,Synthetic AUD receive/pay-fixed swap,RATES,,3.43636,,,,,,PAR_RATE,SYNTHETIC_GENERATOR,2025-02-13T06:15:00Z
2025-02-14,DEMO-IRS-003,Synthetic AUD receive/pay-fixed swap,RATES,,3.353379,,,,,,PAR_RATE,SYNTHETIC_GENERATOR,2025-02-14T06:15:00Z
2025-01-14,DEMO-IRS-004,Synthetic SGD receive/pay-fixed swap,RATES,,3.27322,,,,,,PAR_RATE,SYNTHETIC_GENERATOR,2025-01-14T06:15:00Z
2025-01-15,DEMO-IRS-004,Synthetic SGD receive/pay-fixed swap,RATES,,3.22883,,,,,,PAR_RATE,SYNTHETIC_GENERATOR,2025-01-15T06:15:00Z
2025-01-16,DEMO-IRS-004,Synthetic SGD receive/pay-fixed swap,RATES,,3.255596,,,,,,PAR_RATE,SYNTHETIC_GENERATOR,2025-01-16T06:15:00Z
2025-01-17,DEMO-IRS-004,Synthetic SGD receive/pay-fixed swap,RATES,,3.225769,,,,,,PAR_RATE,SYNTHETIC_GENERATOR,2025-01-17T06:15:00Z
2025-01-20,DEMO-IRS-004,Synthetic SGD receive/pay-fixed swap,RATES,,3.207848,,,,,,PAR_RATE,SYNTHETIC_GENERATOR,2025-01-20T06:15:00Z
2025-01-21,DEMO-IRS-004,Synthetic SGD receive/pay-fixed swap,RATES,,3.119645,,,,,,PAR_RATE,SYNTHETIC_GENERATOR,2025-01-21T06:15:00Z
2025-01-22,DEMO-IRS-004,Synthetic SGD receive/pay-fixed swap,RATES,,3.045765,,,,,,PAR_RATE,SYNTHETIC_GENERATOR,2025-01-22T06:15:00Z
2025-01-23,DEMO-IRS-004,Synthetic SGD receive/pay-fixed swap,RATES,,3.089552,,,,,,PAR_RATE,SYNTHETIC_GENERATOR,2025-01-23T06:15:00Z
2025-01-24,DEMO-IRS-004,Synthetic SGD receive/pay-fixed swap,RATES,,3.04088,,,,,,PAR_RATE,SYNTHETIC_GENERATOR,2025-01-24T06:15:00Z
2025-01-27,DEMO-IRS-004,Synthetic SGD receive/pay-fixed swap,RATES,,3.007928,,,,,,PAR_RATE,SYNTHETIC_GENERATOR,2025-01-27T06:15:00Z
2025-01-28,DEMO-IRS-004,Synthetic SGD receive/pay-fixed swap,RATES,,2.990245,,,,,,PAR_RATE,SYNTHETIC_GENERATOR,2025-01-28T06:15:00Z
2025-01-29,DEMO-IRS-004,Synthetic SGD receive/pay-fixed swap,RATES,,3.040098,,,,,,PAR_RATE,SYNTHETIC_GENERATOR,2025-01-29T06:15:00Z
2025-01-30,DEMO-IRS-004,Synthetic SGD receive/pay-fixed swap,RATES,,2.980528,,,,,,PAR_RATE,SYNTHETIC_GENERATOR,2025-01-30T06:15:00Z
2025-01-31,DEMO-IRS-004,Synthetic SGD receive/pay-fixed swap,RATES,,3.024271,,,,,,PAR_RATE,SYNTHETIC_GENERATOR,2025-01-31T06:15:00Z
2025-02-03,DEMO-IRS-004,Synthetic SGD receive/pay-fixed swap,RATES,,2.971898,,,,,,PAR_RATE,SYNTHETIC_GENERATOR,2025-02-03T06:15:00Z
2025-02-04,DEMO-IRS-004,Synthetic SGD receive/pay-fixed swap,RATES,,2.998175,,,,,,PAR_RATE,SYNTHETIC_GENERATOR,2025-02-04T06:15:00Z
2025-02-05,DEMO-IRS-004,Synthetic SGD receive/pay-fixed swap,RATES,,2.979348,,,,,,PAR_RATE,SYNTHETIC_GENERATOR,2025-02-05T06:15:00Z
2025-02-06,DEMO-IRS-004,Synthetic SGD receive/pay-fixed swap,RATES,,2.961129,,,,,,PAR_RATE,SYNTHETIC_GENERATOR,2025-02-06T06:15:00Z
2025-02-07,DEMO-IRS-004,Synthetic SGD receive/pay-fixed swap,RATES,,2.883253,,,,,,PAR_RATE,SYNTHETIC_GENERATOR,2025-02-07T06:15:00Z
2025-02-10,DEMO-IRS-004,Synthetic SGD receive/pay-fixed swap,RATES,,2.870902,,,,,,PAR_RATE,SYNTHETIC_GENERATOR,2025-02-10T06:15:00Z
2025-02-11,DEMO-IRS-004,Synthetic SGD receive/pay-fixed swap,RATES,,2.827076,,,,,,PAR_RATE,SYNTHETIC_GENERATOR,2025-02-11T06:15:00Z
2025-02-12,DEMO-IRS-004,Synthetic SGD receive/pay-fixed swap,RATES,,2.76167,,,,,,PAR_RATE,SYNTHETIC_GENERATOR,2025-02-12T06:15:00Z
2025-02-13,DEMO-IRS-004,Synthetic SGD receive/pay-fixed swap,RATES,,2.745683,,,,,,PAR_RATE,SYNTHETIC_GENERATOR,2025-02-13T06:15:00Z
2025-02-14,DEMO-IRS-004,Synthetic SGD receive/pay-fixed swap,RATES,,2.681933,,,,,,PAR_RATE,SYNTHETIC_GENERATOR,2025-02-14T06:15:00Z
2025-01-14,HSI-CALL-21000-2025-09,Synthetic HSI CALL 21000 2025 09 position,EQUITY,14.969024,,,24.476462,14.954055,14.983993,14.969024,LAST,SYNTHETIC_GENERATOR,2025-01-14T06:15:00Z
2025-01-15,HSI-CALL-21000-2025-09,Synthetic HSI CALL 21000 2025 09 position,EQUITY,14.922804,,,24.697706,14.907881,14.937727,14.922804,LAST,SYNTHETIC_GENERATOR,2025-01-15T06:15:00Z
2025-01-16,HSI-CALL-21000-2025-09,Synthetic HSI CALL 21000 2025 09 position,EQUITY,15.114602,,,25.502493,15.099488,15.129717,15.114602,LAST,SYNTHETIC_GENERATOR,2025-01-16T06:15:00Z
2025-01-17,HSI-CALL-21000-2025-09,Synthetic HSI CALL 21000 2025 09 position,EQUITY,15.192931,,,24.008999,15.177738,15.208124,15.192931,LAST,SYNTHETIC_GENERATOR,2025-01-17T06:15:00Z
2025-01-20,HSI-CALL-21000-2025-09,Synthetic HSI CALL 21000 2025 09 position,EQUITY,15.161977,,,23.334486,15.146815,15.177139,15.161977,LAST,SYNTHETIC_GENERATOR,2025-01-20T06:15:00Z
2025-01-21,HSI-CALL-21000-2025-09,Synthetic HSI CALL 21000 2025 09 position,EQUITY,15.093524,,,23.629641,15.078431,15.108618,15.093524,LAST,SYNTHETIC_GENERATOR,2025-01-21T06:15:00Z
2025-01-22,HSI-CALL-21000-2025-09,Synthetic HSI CALL 21000 2025 09 position,EQUITY,14.786834,,,23.720813,14.772047,14.801621,14.786834,LAST,SYNTHETIC_GENERATOR,2025-01-22T06:15:00Z
2025-01-23,HSI-CALL-21000-2025-09,Synthetic HSI CALL 21000 2025 09 position,EQUITY,14.771913,,,23.413088,14.757141,14.786685,14.771913,LAST,SYNTHETIC_GENERATOR,2025-01-23T06:15:00Z
2025-01-24,HSI-CALL-21000-2025-09,Synthetic HSI CALL 21000 2025 09 position,EQUITY,14.905038,,,22.988341,14.890133,14.919943,14.905038,LAST,SYNTHETIC_GENERATOR,2025-01-24T06:15:00Z
2025-01-27,HSI-CALL-21000-2025-09,Synthetic HSI CALL 21000 2025 09 position,EQUITY,14.995469,,,22.941226,14.980474,15.010465,14.995469,LAST,SYNTHETIC_GENERATOR,2025-01-27T06:15:00Z
2025-01-28,HSI-CALL-21000-2025-09,Synthetic HSI CALL 21000 2025 09 position,EQUITY,15.208259,,,22.616755,15.193051,15.223467,15.208259,LAST,SYNTHETIC_GENERATOR,2025-01-28T06:15:00Z
2025-01-29,HSI-CALL-21000-2025-09,Synthetic HSI CALL 21000 2025 09 position,EQUITY,14.98733,,,22.923175,14.972343,15.002318,14.98733,LAST,SYNTHETIC_GENERATOR,2025-01-29T06:15:00Z
2025-01-30,HSI-CALL-21000-2025-09,Synthetic HSI CALL 21000 2025 09 position,EQUITY,15.208814,,,23.040705,15.193605,15.224023,15.208814,LAST,SYNTHETIC_GENERATOR,2025-01-30T06:15:00Z
2025-01-31,HSI-CALL-21000-2025-09,Synthetic HSI CALL 21000 2025 09 position,EQUITY,15.356364,,,23.565561,15.341008,15.371721,15.356364,LAST,SYNTHETIC_GENERATOR,2025-01-31T06:15:00Z
2025-02-03,HSI-CALL-21000-2025-09,Synthetic HSI CALL 21000 2025 09 position,EQUITY,15.182512,,,24.065413,15.167329,15.197694,15.182512,LAST,SYNTHETIC_GENERATOR,2025-02-03T06:15:00Z
2025-02-04,HSI-CALL-21000-2025-09,Synthetic HSI CALL 21000 2025 09 position,EQUITY,15.186091,,,23.895253,15.170905,15.201277,15.186091,LAST,SYNTHETIC_GENERATOR,2025-02-04T06:15:00Z
2025-02-05,HSI-CALL-21000-2025-09,Synthetic HSI CALL 21000 2025 09 position,EQUITY,15.362503,,,24.691144,15.34714,15.377865,15.362503,LAST,SYNTHETIC_GENERATOR,2025-02-05T06:15:00Z
2025-02-06,HSI-CALL-21000-2025-09,Synthetic HSI CALL 21000 2025 09 position,EQUITY,15.323272,,,25.210719,15.307948,15.338595,15.323272,LAST,SYNTHETIC_GENERATOR,2025-02-06T06:15:00Z
2025-02-07,HSI-CALL-21000-2025-09,Synthetic HSI CALL 21000 2025 09 position,EQUITY,15.531834,,,25.380928,15.516302,15.547366,15.531834,LAST,SYNTHETIC_GENERATOR,2025-02-07T06:15:00Z
2025-02-10,HSI-CALL-21000-2025-09,Synthetic HSI CALL 21000 2025 09 position,EQUITY,15.576787,,,25.893376,15.561211,15.592364,15.576787,LAST,SYNTHETIC_GENERATOR,2025-02-10T06:15:00Z
2025-02-11,HSI-CALL-21000-2025-09,Synthetic HSI CALL 21000 2025 09 position,EQUITY,15.685283,,,25.701901,15.669598,15.700969,15.685283,LAST,SYNTHETIC_GENERATOR,2025-02-11T06:15:00Z
2025-02-12,HSI-CALL-21000-2025-09,Synthetic HSI CALL 21000 2025 09 position,EQUITY,15.797446,,,25.758593,15.781648,15.813243,15.797446,LAST,SYNTHETIC_GENERATOR,2025-02-12T06:15:00Z
2025-02-13,HSI-CALL-21000-2025-09,Synthetic HSI CALL 21000 2025 09 position,EQUITY,15.883182,,,25.514666,15.867299,15.899065,15.883182,LAST,SYNTHETIC_GENERATOR,2025-02-13T06:15:00Z
2025-02-14,HSI-CALL-21000-2025-09,Synthetic HSI CALL 21000 2025 09 position,EQUITY,15.933932,,,25.756475,15.917998,15.949866,15.933932,LAST,SYNTHETIC_GENERATOR,2025-02-14T06:15:00Z
2025-01-14,HSI-CALL-22000-2025-06,Synthetic HSI CALL 22000 2025 06 position,EQUITY,15.329019,,,23.983363,15.31369,15.344348,15.329019,LAST,SYNTHETIC_GENERATOR,2025-01-14T06:15:00Z
2025-01-15,HSI-CALL-22000-2025-06,Synthetic HSI CALL 22000 2025 06 position,EQUITY,15.519276,,,23.95931,15.503757,15.534795,15.519276,LAST,SYNTHETIC_GENERATOR,2025-01-15T06:15:00Z
2025-01-16,HSI-CALL-22000-2025-06,Synthetic HSI CALL 22000 2025 06 position,EQUITY,15.639284,,,24.16558,15.623644,15.654923,15.639284,LAST,SYNTHETIC_GENERATOR,2025-01-16T06:15:00Z
2025-01-17,HSI-CALL-22000-2025-06,Synthetic HSI CALL 22000 2025 06 position,EQUITY,15.596216,,,24.467276,15.58062,15.611812,15.596216,LAST,SYNTHETIC_GENERATOR,2025-01-17T06:15:00Z
2025-01-20,HSI-CALL-22000-2025-06,Synthetic HSI CALL 22000 2025 06 position,EQUITY,15.568378,,,25.238446,15.552809,15.583946,15.568378,LAST,SYNTHETIC_GENERATOR,2025-01-20T06:15:00Z
2025-01-21,HSI-CALL-22000-2025-06,Synthetic HSI CALL 22000 2025 06 position,EQUITY,15.541877,,,24.991784,15.526335,15.557419,15.541877,LAST,SYNTHETIC_GENERATOR,2025-01-21T06:15:00Z
2025-01-22,HSI-CALL-22000-2025-06,Synthetic HSI CALL 22000 2025 06 position,EQUITY,15.554844,,,24.861064,15.539289,15.570398,15.554844,LAST,SYNTHETIC_GENERATOR,2025-01-22T06:15:00Z
2025-01-23,HSI-CALL-22000-2025-06,Synthetic HSI CALL 22000 2025 06 position,EQUITY,15.601735,,,25.252232,15.586133,15.617337,15.601735,LAST,SYNTHETIC_GENERATOR,2025-01-23T06:15:00Z
2025-01-24,HSI-CALL-22000-2025-06,Synthetic HSI CALL 22000 2025 06 position,EQUITY,15.528217,,,24.925252,15.512689,15.543746,15.528217,LAST,SYNTHETIC_GENERATOR,2025-01-24T06:15:00Z
2025-01-27,HSI-CALL-22000-2025-06,Synthetic HSI CALL 22000 2025 06 position,EQUITY,15.596938,,,24.946704,15.581341,15.612535,15.596938,LAST,SYNTHETIC_GENERATOR,2025-01-27T06:15:00Z
2025-01-28,HSI-CALL-22000-2025-06,Synthetic HSI CALL 22000 2025 06 position,EQUITY,15.619358,,,25.00143,15.603739,15.634978,15.619358,LAST,SYNTHETIC_GENERATOR,2025-01-28T06:15:00Z
2025-01-29,HSI-CALL-22000-2025-06,Synthetic HSI CALL 22000 2025 06 position,EQUITY,15.365187,,,25.607606,15.349822,15.380553,15.365187,LAST,SYNTHETIC_GENERATOR,2025-01-29T06:15:00Z
2025-01-30,HSI-CALL-22000-2025-06,Synthetic HSI CALL 22000 2025 06 position,EQUITY,15.560934,,,25.323575,15.545373,15.576495,15.560934,LAST,SYNTHETIC_GENERATOR,2025-01-30T06:15:00Z
2025-01-31,HSI-CALL-22000-2025-06,Synthetic HSI CALL 22000 2025 06 position,EQUITY,15.598294,,,24.984579,15.582696,15.613893,15.598294,LAST,SYNTHETIC_GENERATOR,2025-01-31T06:15:00Z
2025-02-03,HSI-CALL-22000-2025-06,Synthetic HSI CALL 22000 2025 06 position,EQUITY,15.407154,,,25.108279,15.391747,15.422562,15.407154,LAST,SYNTHETIC_GENERATOR,2025-02-03T06:15:00Z
2025-02-04,HSI-CALL-22000-2025-06,Synthetic HSI CALL 22000 2025 06 position,EQUITY,15.594165,,,25.062487,15.578571,15.609759,15.594165,LAST,SYNTHETIC_GENERATOR,2025-02-04T06:15:00Z
2025-02-05,HSI-CALL-22000-2025-06,Synthetic HSI CALL 22000 2025 06 position,EQUITY,15.536258,,,24.807818,15.520722,15.551795,15.536258,LAST,SYNTHETIC_GENERATOR,2025-02-05T06:15:00Z
2025-02-06,HSI-CALL-22000-2025-06,Synthetic HSI CALL 22000 2025 06 position,EQUITY,15.538466,,,25.292707,15.522928,15.554005,15.538466,LAST,SYNTHETIC_GENERATOR,2025-02-06T06:15:00Z
2025-02-07,HSI-CALL-22000-2025-06,Synthetic HSI CALL 22000 2025 06 position,EQUITY,15.742692,,,26.208712,15.726949,15.758434,15.742692,LAST,SYNTHETIC_GENERATOR,2025-02-07T06:15:00Z
2025-02-10,HSI-CALL-22000-2025-06,Synthetic HSI CALL 22000 2025 06 position,EQUITY,16.013971,,,25.287704,15.997957,16.029985,16.013971,LAST,SYNTHETIC_GENERATOR,2025-02-10T06:15:00Z
2025-02-11,HSI-CALL-22000-2025-06,Synthetic HSI CALL 22000 2025 06 position,EQUITY,16.011415,,,24.623599,15.995404,16.027427,16.011415,LAST,SYNTHETIC_GENERATOR,2025-02-11T06:15:00Z
2025-02-12,HSI-CALL-22000-2025-06,Synthetic HSI CALL 22000 2025 06 position,EQUITY,15.77624,,,24.396893,15.760464,15.792016,15.77624,LAST,SYNTHETIC_GENERATOR,2025-02-12T06:15:00Z
2025-02-13,HSI-CALL-22000-2025-06,Synthetic HSI CALL 22000 2025 06 position,EQUITY,15.886195,,,24.398423,15.870308,15.902081,15.886195,LAST,SYNTHETIC_GENERATOR,2025-02-13T06:15:00Z
2025-02-14,HSI-CALL-22000-2025-06,Synthetic HSI CALL 22000 2025 06 position,EQUITY,16.072027,,,23.559399,16.055955,16.088099,16.072027,LAST,SYNTHETIC_GENERATOR,2025-02-14T06:15:00Z
2025-01-14,HSI-INDEX,Synthetic HSI equity index,EQUITY,1576.809152,,,,1575.232343,1578.385961,1576.809152,LAST,SYNTHETIC_GENERATOR,2025-01-14T06:15:00Z
2025-01-15,HSI-INDEX,Synthetic HSI equity index,EQUITY,1572.794747,,,,1571.221953,1574.367542,1572.794747,LAST,SYNTHETIC_GENERATOR,2025-01-15T06:15:00Z
2025-01-16,HSI-INDEX,Synthetic HSI equity index,EQUITY,1541.836987,,,,1540.29515,1543.378824,1541.836987,LAST,SYNTHETIC_GENERATOR,2025-01-16T06:15:00Z
2025-01-17,HSI-INDEX,Synthetic HSI equity index,EQUITY,1537.062988,,,,1535.525925,1538.600051,1537.062988,LAST,SYNTHETIC_GENERATOR,2025-01-17T06:15:00Z
2025-01-20,HSI-INDEX,Synthetic HSI equity index,EQUITY,1580.733079,,,,1579.152346,1582.313812,1580.733079,LAST,SYNTHETIC_GENERATOR,2025-01-20T06:15:00Z
2025-01-21,HSI-INDEX,Synthetic HSI equity index,EQUITY,1592.625107,,,,1591.032482,1594.217732,1592.625107,LAST,SYNTHETIC_GENERATOR,2025-01-21T06:15:00Z
2025-01-22,HSI-INDEX,Synthetic HSI equity index,EQUITY,1587.080026,,,,1585.492946,1588.667106,1587.080026,LAST,SYNTHETIC_GENERATOR,2025-01-22T06:15:00Z
2025-01-23,HSI-INDEX,Synthetic HSI equity index,EQUITY,1565.91691,,,,1564.350993,1567.482826,1565.91691,LAST,SYNTHETIC_GENERATOR,2025-01-23T06:15:00Z
2025-01-24,HSI-INDEX,Synthetic HSI equity index,EQUITY,1552.782999,,,,1551.230216,1554.335782,1552.782999,LAST,SYNTHETIC_GENERATOR,2025-01-24T06:15:00Z
2025-01-27,HSI-INDEX,Synthetic HSI equity index,EQUITY,1543.366257,,,,1541.822891,1544.909624,1543.366257,LAST,SYNTHETIC_GENERATOR,2025-01-27T06:15:00Z
2025-01-28,HSI-INDEX,Synthetic HSI equity index,EQUITY,1548.818835,,,,1547.270016,1550.367654,1548.818835,LAST,SYNTHETIC_GENERATOR,2025-01-28T06:15:00Z
2025-01-29,HSI-INDEX,Synthetic HSI equity index,EQUITY,1554.858234,,,,1553.303375,1556.413092,1554.858234,LAST,SYNTHETIC_GENERATOR,2025-01-29T06:15:00Z
2025-01-30,HSI-INDEX,Synthetic HSI equity index,EQUITY,1548.767437,,,,1547.21867,1550.316205,1548.767437,LAST,SYNTHETIC_GENERATOR,2025-01-30T06:15:00Z
2025-01-31,HSI-INDEX,Synthetic HSI equity index,EQUITY,1544.5953,,,,1543.050705,1546.139896,1544.5953,LAST,SYNTHETIC_GENERATOR,2025-01-31T06:15:00Z
2025-02-03,HSI-INDEX,Synthetic HSI equity index,EQUITY,1524.899792,,,,1523.374892,1526.424692,1524.899792,LAST,SYNTHETIC_GENERATOR,2025-02-03T06:15:00Z
2025-02-04,HSI-INDEX,Synthetic HSI equity index,EQUITY,1519.134438,,,,1517.615303,1520.653572,1519.134438,LAST,SYNTHETIC_GENERATOR,2025-02-04T06:15:00Z
2025-02-05,HSI-INDEX,Synthetic HSI equity index,EQUITY,1531.241164,,,,1529.709922,1532.772405,1531.241164,LAST,SYNTHETIC_GENERATOR,2025-02-05T06:15:00Z
2025-02-06,HSI-INDEX,Synthetic HSI equity index,EQUITY,1519.071002,,,,1517.551931,1520.590073,1519.071002,LAST,SYNTHETIC_GENERATOR,2025-02-06T06:15:00Z
2025-02-07,HSI-INDEX,Synthetic HSI equity index,EQUITY,1530.76895,,,,1529.238181,1532.299719,1530.76895,LAST,SYNTHETIC_GENERATOR,2025-02-07T06:15:00Z
2025-02-10,HSI-INDEX,Synthetic HSI equity index,EQUITY,1544.388321,,,,1542.843933,1545.932709,1544.388321,LAST,SYNTHETIC_GENERATOR,2025-02-10T06:15:00Z
2025-02-11,HSI-INDEX,Synthetic HSI equity index,EQUITY,1543.390016,,,,1541.846626,1544.933406,1543.390016,LAST,SYNTHETIC_GENERATOR,2025-02-11T06:15:00Z
2025-02-12,HSI-INDEX,Synthetic HSI equity index,EQUITY,1526.678948,,,,1525.152269,1528.205627,1526.678948,LAST,SYNTHETIC_GENERATOR,2025-02-12T06:15:00Z
2025-02-13,HSI-INDEX,Synthetic HSI equity index,EQUITY,1530.257962,,,,1528.727704,1531.78822,1530.257962,LAST,SYNTHETIC_GENERATOR,2025-02-13T06:15:00Z
2025-02-14,HSI-INDEX,Synthetic HSI equity index,EQUITY,1530.848383,,,,1529.317534,1532.379231,1530.848383,LAST,SYNTHETIC_GENERATOR,2025-02-14T06:15:00Z
2025-01-14,HSI-PUT-19000-2025-06,Synthetic HSI PUT 19000 2025 06 position,EQUITY,15.795202,,,25.577976,15.779407,15.810997,15.795202,LAST,SYNTHETIC_GENERATOR,2025-01-14T06:15:00Z
2025-01-15,HSI-PUT-19000-2025-06,Synthetic HSI PUT 19000 2025 06 position,EQUITY,15.672784,,,26.233418,15.657111,15.688457,15.672784,LAST,SYNTHETIC_GENERATOR,2025-01-15T06:15:00Z
2025-01-16,HSI-PUT-19000-2025-06,Synthetic HSI PUT 19000 2025 06 position,EQUITY,15.65957,,,26.374239,15.64391,15.675229,15.65957,LAST,SYNTHETIC_GENERATOR,2025-01-16T06:15:00Z
2025-01-17,HSI-PUT-19000-2025-06,Synthetic HSI PUT 19000 2025 06 position,EQUITY,15.565785,,,26.066434,15.550219,15.58135,15.565785,LAST,SYNTHETIC_GENERATOR,2025-01-17T06:15:00Z
2025-01-20,HSI-PUT-19000-2025-06,Synthetic HSI PUT 19000 2025 06 position,EQUITY,15.658103,,,26.682365,15.642445,15.673761,15.658103,LAST,SYNTHETIC_GENERATOR,2025-01-20T06:15:00Z
2025-01-21,HSI-PUT-19000-2025-06,Synthetic HSI PUT 19000 2025 06 position,EQUITY,15.789985,,,27.010735,15.774195,15.805775,15.789985,LAST,SYNTHETIC_GENERATOR,2025-01-21T06:15:00Z
2025-01-22,HSI-PUT-19000-2025-06,Synthetic HSI PUT 19000 2025 06 position,EQUITY,15.76402,,,27.131859,15.748256,15.779784,15.76402,LAST,SYNTHETIC_GENERATOR,2025-01-22T06:15:00Z
2025-01-23,HSI-PUT-19000-2025-06,Synthetic HSI PUT 19000 2025 06 position,EQUITY,15.883912,,,26.633544,15.868028,15.899796,15.883912,LAST,SYNTHETIC_GENERATOR,2025-01-23T06:15:00Z
2025-01-24,HSI-PUT-19000-2025-06,Synthetic HSI PUT 19000 2025 06 position,EQUITY,15.936086,,,26.416011,15.92015,15.952022,15.936086,LAST,SYNTHETIC_GENERATOR,2025-01-24T06:15:00Z
2025-01-27,HSI-PUT-19000-2025-06,Synthetic HSI PUT 19000 2025 06 position,EQUITY,15.840403,,,26.00006,15.824562,15.856243,15.840403,LAST,SYNTHETIC_GENERATOR,2025-01-27T06:15:00Z
2025-01-28,HSI-PUT-19000-2025-06,Synthetic HSI PUT 19000 2025 06 position,EQUITY,15.820837,,,26.376391,15.805016,15.836658,15.820837,LAST,SYNTHETIC_GENERATOR,2025-01-28T06:15:00Z
2025-01-29,HSI-PUT-19000-2025-06,Synthetic HSI PUT 19000 2025 06 position,EQUITY,15.871912,,,26.25602,15.85604,15.887784,15.871912,LAST,SYNTHETIC_GENERATOR,2025-01-29T06:15:00Z
2025-01-30,HSI-PUT-19000-2025-06,Synthetic HSI PUT 19000 2025 06 position,EQUITY,15.8053,,,26.354604,15.789495,15.821106,15.8053,LAST,SYNTHETIC_GENERATOR,2025-01-30T06:15:00Z
2025-01-31,HSI-PUT-19000-2025-06,Synthetic HSI PUT 19000 2025 06 position,EQUITY,15.721036,,,26.603434,15.705315,15.736757,15.721036,LAST,SYNTHETIC_GENERATOR,2025-01-31T06:15:00Z
2025-02-03,HSI-PUT-19000-2025-06,Synthetic HSI PUT 19000 2025 06 position,EQUITY,15.609172,,,26.031728,15.593563,15.624782,15.609172,LAST,SYNTHETIC_GENERATOR,2025-02-03T06:15:00Z
2025-02-04,HSI-PUT-19000-2025-06,Synthetic HSI PUT 19000 2025 06 position,EQUITY,15.762251,,,26.630618,15.746489,15.778014,15.762251,LAST,SYNTHETIC_GENERATOR,2025-02-04T06:15:00Z
2025-02-05,HSI-PUT-19000-2025-06,Synthetic HSI PUT 19000 2025 06 position,EQUITY,15.760051,,,27.180332,15.744291,15.775811,15.760051,LAST,SYNTHETIC_GENERATOR,2025-02-05T06:15:00Z
2025-02-06,HSI-PUT-19000-2025-06,Synthetic HSI PUT 19000 2025 06 position,EQUITY,15.800809,,,26.625194,15.785008,15.81661,15.800809,LAST,SYNTHETIC_GENERATOR,2025-02-06T06:15:00Z
2025-02-07,HSI-PUT-19000-2025-06,Synthetic HSI PUT 19000 2025 06 position,EQUITY,15.609442,,,27.063744,15.593833,15.625051,15.609442,LAST,SYNTHETIC_GENERATOR,2025-02-07T06:15:00Z
2025-02-10,HSI-PUT-19000-2025-06,Synthetic HSI PUT 19000 2025 06 position,EQUITY,15.521147,,,27.054057,15.505625,15.536668,15.521147,LAST,SYNTHETIC_GENERATOR,2025-02-10T06:15:00Z
2025-02-11,HSI-PUT-19000-2025-06,Synthetic HSI PUT 19000 2025 06 position,EQUITY,15.651547,,,26.592613,15.635895,15.667198,15.651547,LAST,SYNTHETIC_GENERATOR,2025-02-11T06:15:00Z
2025-02-12,HSI-PUT-19000-2025-06,Synthetic HSI PUT 19000 2025 06 position,EQUITY,15.688326,,,26.780632,15.672638,15.704014,15.688326,LAST,SYNTHETIC_GENERATOR,2025-02-12T06:15:00Z
2025-02-13,HSI-PUT-19000-2025-06,Synthetic HSI PUT 19000 2025 06 position,EQUITY,15.833491,,,27.10865,15.817657,15.849324,15.833491,LAST,SYNTHETIC_GENERATOR,2025-02-13T06:15:00Z
2025-02-14,HSI-PUT-19000-2025-06,Synthetic HSI PUT 19000 2025 06 position,EQUITY,15.781632,,,28.560454,15.76585,15.797414,15.781632,LAST,SYNTHETIC_GENERATOR,2025-02-14T06:15:00Z
2025-01-14,KOSPI200-FUT-2025-06,Synthetic KOSPI200 FUT 2025 06 position,EQUITY,1627.540746,,,,1625.913205,1629.168287,1627.540746,LAST,SYNTHETIC_GENERATOR,2025-01-14T06:15:00Z
2025-01-15,KOSPI200-FUT-2025-06,Synthetic KOSPI200 FUT 2025 06 position,EQUITY,1611.2384,,,,1609.627162,1612.849638,1611.2384,LAST,SYNTHETIC_GENERATOR,2025-01-15T06:15:00Z
2025-01-16,KOSPI200-FUT-2025-06,Synthetic KOSPI200 FUT 2025 06 position,EQUITY,1617.895485,,,,1616.27759,1619.513381,1617.895485,LAST,SYNTHETIC_GENERATOR,2025-01-16T06:15:00Z
2025-01-17,KOSPI200-FUT-2025-06,Synthetic KOSPI200 FUT 2025 06 position,EQUITY,1620.832535,,,,1619.211702,1622.453367,1620.832535,LAST,SYNTHETIC_GENERATOR,2025-01-17T06:15:00Z
2025-01-20,KOSPI200-FUT-2025-06,Synthetic KOSPI200 FUT 2025 06 position,EQUITY,1632.116286,,,,1630.484169,1633.748402,1632.116286,LAST,SYNTHETIC_GENERATOR,2025-01-20T06:15:00Z
2025-01-21,KOSPI200-FUT-2025-06,Synthetic KOSPI200 FUT 2025 06 position,EQUITY,1624.061413,,,,1622.437352,1625.685475,1624.061413,LAST,SYNTHETIC_GENERATOR,2025-01-21T06:15:00Z
2025-01-22,KOSPI200-FUT-2025-06,Synthetic KOSPI200 FUT 2025 06 position,EQUITY,1629.795124,,,,1628.165328,1631.424919,1629.795124,LAST,SYNTHETIC_GENERATOR,2025-01-22T06:15:00Z
2025-01-23,KOSPI200-FUT-2025-06,Synthetic KOSPI200 FUT 2025 06 position,EQUITY,1612.757161,,,,1611.144404,1614.369918,1612.757161,LAST,SYNTHETIC_GENERATOR,2025-01-23T06:15:00Z
2025-01-24,KOSPI200-FUT-2025-06,Synthetic KOSPI200 FUT 2025 06 position,EQUITY,1633.605705,,,,1631.972099,1635.239311,1633.605705,LAST,SYNTHETIC_GENERATOR,2025-01-24T06:15:00Z
2025-01-27,KOSPI200-FUT-2025-06,Synthetic KOSPI200 FUT 2025 06 position,EQUITY,1638.941459,,,,1637.302518,1640.580401,1638.941459,LAST,SYNTHETIC_GENERATOR,2025-01-27T06:15:00Z
2025-01-28,KOSPI200-FUT-2025-06,Synthetic KOSPI200 FUT 2025 06 position,EQUITY,1640.179742,,,,1638.539562,1641.819921,1640.179742,LAST,SYNTHETIC_GENERATOR,2025-01-28T06:15:00Z
2025-01-29,KOSPI200-FUT-2025-06,Synthetic KOSPI200 FUT 2025 06 position,EQUITY,1625.436604,,,,1623.811168,1627.062041,1625.436604,LAST,SYNTHETIC_GENERATOR,2025-01-29T06:15:00Z
2025-01-30,KOSPI200-FUT-2025-06,Synthetic KOSPI200 FUT 2025 06 position,EQUITY,1641.577667,,,,1639.936089,1643.219245,1641.577667,LAST,SYNTHETIC_GENERATOR,2025-01-30T06:15:00Z
2025-01-31,KOSPI200-FUT-2025-06,Synthetic KOSPI200 FUT 2025 06 position,EQUITY,1625.103972,,,,1623.478868,1626.729076,1625.103972,LAST,SYNTHETIC_GENERATOR,2025-01-31T06:15:00Z
2025-02-03,KOSPI200-FUT-2025-06,Synthetic KOSPI200 FUT 2025 06 position,EQUITY,1634.645246,,,,1633.0106,1636.279891,1634.645246,LAST,SYNTHETIC_GENERATOR,2025-02-03T06:15:00Z
2025-02-04,KOSPI200-FUT-2025-06,Synthetic KOSPI200 FUT 2025 06 position,EQUITY,1622.169709,,,,1620.54754,1623.791879,1622.169709,LAST,SYNTHETIC_GENERATOR,2025-02-04T06:15:00Z
2025-02-05,KOSPI200-FUT-2025-06,Synthetic KOSPI200 FUT 2025 06 position,EQUITY,1628.712547,,,,1627.083834,1630.341259,1628.712547,LAST,SYNTHETIC_GENERATOR,2025-02-05T06:15:00Z
2025-02-06,KOSPI200-FUT-2025-06,Synthetic KOSPI200 FUT 2025 06 position,EQUITY,1596.332585,,,,1594.736253,1597.928918,1596.332585,LAST,SYNTHETIC_GENERATOR,2025-02-06T06:15:00Z
2025-02-07,KOSPI200-FUT-2025-06,Synthetic KOSPI200 FUT 2025 06 position,EQUITY,1596.69159,,,,1595.094898,1598.288281,1596.69159,LAST,SYNTHETIC_GENERATOR,2025-02-07T06:15:00Z
2025-02-10,KOSPI200-FUT-2025-06,Synthetic KOSPI200 FUT 2025 06 position,EQUITY,1600.230509,,,,1598.630278,1601.83074,1600.230509,LAST,SYNTHETIC_GENERATOR,2025-02-10T06:15:00Z
2025-02-11,KOSPI200-FUT-2025-06,Synthetic KOSPI200 FUT 2025 06 position,EQUITY,1614.413184,,,,1612.798771,1616.027598,1614.413184,LAST,SYNTHETIC_GENERATOR,2025-02-11T06:15:00Z
2025-02-12,KOSPI200-FUT-2025-06,Synthetic KOSPI200 FUT 2025 06 position,EQUITY,1593.003554,,,,1591.41055,1594.596557,1593.003554,LAST,SYNTHETIC_GENERATOR,2025-02-12T06:15:00Z
2025-02-13,KOSPI200-FUT-2025-06,Synthetic KOSPI200 FUT 2025 06 position,EQUITY,1585.451426,,,,1583.865975,1587.036878,1585.451426,LAST,SYNTHETIC_GENERATOR,2025-02-13T06:15:00Z
2025-02-14,KOSPI200-FUT-2025-06,Synthetic KOSPI200 FUT 2025 06 position,EQUITY,1581.333933,,,,1579.752599,1582.915267,1581.333933,LAST,SYNTHETIC_GENERATOR,2025-02-14T06:15:00Z
2025-01-14,KOSPI200-FUT-2025-09,Synthetic KOSPI200 FUT 2025 09 position,EQUITY,1646.093616,,,,1644.447522,1647.73971,1646.093616,LAST,SYNTHETIC_GENERATOR,2025-01-14T06:15:00Z
2025-01-15,KOSPI200-FUT-2025-09,Synthetic KOSPI200 FUT 2025 09 position,EQUITY,1648.194071,,,,1646.545877,1649.842265,1648.194071,LAST,SYNTHETIC_GENERATOR,2025-01-15T06:15:00Z
2025-01-16,KOSPI200-FUT-2025-09,Synthetic KOSPI200 FUT 2025 09 position,EQUITY,1653.064597,,,,1651.411532,1654.717661,1653.064597,LAST,SYNTHETIC_GENERATOR,2025-01-16T06:15:00Z
2025-01-17,KOSPI200-FUT-2025-09,Synthetic KOSPI200 FUT 2025 09 position,EQUITY,1640.173253,,,,1638.53308,1641.813426,1640.173253,LAST,SYNTHETIC_GENERATOR,2025-01-17T06:15:00Z
2025-01-20,KOSPI200-FUT-2025-09,Synthetic KOSPI200 FUT 2025 09 position,EQUITY,1650.536888,,,,1648.886351,1652.187425,1650.536888,LAST,SYNTHETIC_GENERATOR,2025-01-20T06:15:00Z
2025-01-21,KOSPI200-FUT-2025-09,Synthetic KOSPI200 FUT 2025 09 position,EQUITY,1640.838755,,,,1639.197916,1642.479594,1640.838755,LAST,SYNTHETIC_GENERATOR,2025-01-21T06:15:00Z
2025-01-22,KOSPI200-FUT-2025-09,Synthetic KOSPI200 FUT 2025 09 position,EQUITY,1649.541605,,,,1647.892063,1651.191146,1649.541605,LAST,SYNTHETIC_GENERATOR,2025-01-22T06:15:00Z
2025-01-23,KOSPI200-FUT-2025-09,Synthetic KOSPI200 FUT 2025 09 position,EQUITY,1655.965726,,,,1654.309761,1657.621692,1655.965726,LAST,SYNTHETIC_GENERATOR,2025-01-23T06:15:00Z
2025-01-24,KOSPI200-FUT-2025-09,Synthetic KOSPI200 FUT 2025 09 position,EQUITY,1641.734917,,,,1640.093182,1643.376652,1641.734917,LAST,SYNTHETIC_GENERATOR,2025-01-24T06:15:00Z
2025-01-27,KOSPI200-FUT-2025-09,Synthetic KOSPI200 FUT 2025 09 position,EQUITY,1651.232368,,,,1649.581135,1652.8836,1651.232368,LAST,SYNTHETIC_GENERATOR,2025-01-27T06:15:00Z
2025-01-28,KOSPI200-FUT-2025-09,Synthetic KOSPI200 FUT 2025 09 position,EQUITY,1649.675338,,,,1648.025663,1651.325013,1649.675338,LAST,SYNTHETIC_GENERATOR,2025-01-28T06:15:00Z
2025-01-29,KOSPI200-FUT-2025-09,Synthetic KOSPI200 FUT 2025 09 position,EQUITY,1667.698385,,,,1666.030686,1669.366083,1667.698385,LAST,SYNTHETIC_GENERATOR,2025-01-29T06:15:00Z
2025-01-30,KOSPI200-FUT-2025-09,Synthetic KOSPI200 FUT 2025 09 position,EQUITY,1660.638373,,,,1658.977735,1662.299012,1660.638373,LAST,SYNTHETIC_GENERATOR,2025-01-30T06:15:00Z
2025-01-31,KOSPI200-FUT-2025-09,Synthetic KOSPI200 FUT 2025 09 position,EQUITY,1667.71254,,,,1666.044827,1669.380252,1667.71254,LAST,SYNTHETIC_GENERATOR,2025-01-31T06:15:00Z
2025-02-03,KOSPI200-FUT-2025-09,Synthetic KOSPI200 FUT 2025 09 position,EQUITY,1661.382637,,,,1659.721254,1663.044019,1661.382637,LAST,SYNTHETIC_GENERATOR,2025-02-03T06:15:00Z
2025-02-04,KOSPI200-FUT-2025-09,Synthetic KOSPI200 FUT 2025 09 position,EQUITY,1673.31928,,,,1671.64596,1674.992599,1673.31928,LAST,SYNTHETIC_GENERATOR,2025-02-04T06:15:00Z
2025-02-05,KOSPI200-FUT-2025-09,Synthetic KOSPI200 FUT 2025 09 position,EQUITY,1686.264805,,,,1684.57854,1687.951069,1686.264805,LAST,SYNTHETIC_GENERATOR,2025-02-05T06:15:00Z
2025-02-06,KOSPI200-FUT-2025-09,Synthetic KOSPI200 FUT 2025 09 position,EQUITY,1706.735187,,,,1705.028452,1708.441922,1706.735187,LAST,SYNTHETIC_GENERATOR,2025-02-06T06:15:00Z
2025-02-07,KOSPI200-FUT-2025-09,Synthetic KOSPI200 FUT 2025 09 position,EQUITY,1700.696653,,,,1698.995956,1702.39735,1700.696653,LAST,SYNTHETIC_GENERATOR,2025-02-07T06:15:00Z
2025-02-10,KOSPI200-FUT-2025-09,Synthetic KOSPI200 FUT 2025 09 position,EQUITY,1691.600018,,,,1689.908418,1693.291618,1691.600018,LAST,SYNTHETIC_GENERATOR,2025-02-10T06:15:00Z
2025-02-11,KOSPI200-FUT-2025-09,Synthetic KOSPI200 FUT 2025 09 position,EQUITY,1705.702261,,,,1703.996559,1707.407963,1705.702261,LAST,SYNTHETIC_GENERATOR,2025-02-11T06:15:00Z
2025-02-12,KOSPI200-FUT-2025-09,Synthetic KOSPI200 FUT 2025 09 position,EQUITY,1684.967912,,,,1683.282944,1686.652879,1684.967912,LAST,SYNTHETIC_GENERATOR,2025-02-12T06:15:00Z
2025-02-13,KOSPI200-FUT-2025-09,Synthetic KOSPI200 FUT 2025 09 position,EQUITY,1684.585548,,,,1682.900962,1686.270134,1684.585548,LAST,SYNTHETIC_GENERATOR,2025-02-13T06:15:00Z
2025-02-14,KOSPI200-FUT-2025-09,Synthetic KOSPI200 FUT 2025 09 position,EQUITY,1692.284446,,,,1690.592161,1693.97673,1692.284446,LAST,SYNTHETIC_GENERATOR,2025-02-14T06:15:00Z
2025-01-14,NKY-CALL-41000-2025-06,Synthetic NKY CALL 41000 2025 06 position,EQUITY,16.603069,,,25.650654,16.586466,16.619672,16.603069,LAST,SYNTHETIC_GENERATOR,2025-01-14T06:15:00Z
2025-01-15,NKY-CALL-41000-2025-06,Synthetic NKY CALL 41000 2025 06 position,EQUITY,16.538587,,,26.078435,16.522049,16.555126,16.538587,LAST,SYNTHETIC_GENERATOR,2025-01-15T06:15:00Z
2025-01-16,NKY-CALL-41000-2025-06,Synthetic NKY CALL 41000 2025 06 position,EQUITY,16.656245,,,25.516642,16.639589,16.672901,16.656245,LAST,SYNTHETIC_GENERATOR,2025-01-16T06:15:00Z
2025-01-17,NKY-CALL-41000-2025-06,Synthetic NKY CALL 41000 2025 06 position,EQUITY,16.962898,,,25.667913,16.945935,16.979861,16.962898,LAST,SYNTHETIC_GENERATOR,2025-01-17T06:15:00Z
2025-01-20,NKY-CALL-41000-2025-06,Synthetic NKY CALL 41000 2025 06 position,EQUITY,16.939408,,,25.816557,16.922469,16.956347,16.939408,LAST,SYNTHETIC_GENERATOR,2025-01-20T06:15:00Z
2025-01-21,NKY-CALL-41000-2025-06,Synthetic NKY CALL 41000 2025 06 position,EQUITY,17.166971,,,25.84413,17.149804,17.184138,17.166971,LAST,SYNTHETIC_GENERATOR,2025-01-21T06:15:00Z
2025-01-22,NKY-CALL-41000-2025-06,Synthetic NKY CALL 41000 2025 06 position,EQUITY,17.21623,,,25.813444,17.199014,17.233446,17.21623,LAST,SYNTHETIC_GENERATOR,2025-01-22T06:15:00Z
2025-01-23,NKY-CALL-41000-2025-06,Synthetic NKY CALL 41000 2025 06 position,EQUITY,17.200067,,,26.215618,17.182867,17.217267,17.200067,LAST,SYNTHETIC_GENERATOR,2025-01-23T06:15:00Z
2025-01-24,NKY-CALL-41000-2025-06,Synthetic NKY CALL 41000 2025 06 position,EQUITY,17.274209,,,24.922933,17.256935,17.291484,17.274209,LAST,SYNTHETIC_GENERATOR,2025-01-24T06:15:00Z
2025-01-27,NKY-CALL-41000-2025-06,Synthetic NKY CALL 41000 2025 06 position,EQUITY,17.365901,,,25.227803,17.348535,17.383266,17.365901,LAST,SYNTHETIC_GENERATOR,2025-01-27T06:15:00Z
2025-01-28,NKY-CALL-41000-2025-06,Synthetic NKY CALL 41000 2025 06 position,EQUITY,17.286004,,,26.146231,17.268718,17.30329,17.286004,LAST,SYNTHETIC_GENERATOR,2025-01-28T06:15:00Z
2025-01-29,NKY-CALL-41000-2025-06,Synthetic NKY CALL 41000 2025 06 position,EQUITY,17.343119,,,26.21767,17.325776,17.360462,17.343119,LAST,SYNTHETIC_GENERATOR,2025-01-29T06:15:00Z
2025-01-30,NKY-CALL-41000-2025-06,Synthetic NKY CALL 41000 2025 06 position,EQUITY,17.272877,,,26.380049,17.255604,17.29015,17.272877,LAST,SYNTHETIC_GENERATOR,2025-01-30T06:15:00Z
2025-01-31,NKY-CALL-41000-2025-06,Synthetic NKY CALL 41000 2025 06 position,EQUITY,17.429648,,,26.611542,17.412218,17.447077,17.429648,LAST,SYNTHETIC_GENERATOR,2025-01-31T06:15:00Z
2025-02-03,NKY-CALL-41000-2025-06,Synthetic NKY CALL 41000 2025 06 position,EQUITY,17.372448,,,27.353407,17.355076,17.389821,17.372448,LAST,SYNTHETIC_GENERATOR,2025-02-03T06:15:00Z
2025-02-04,NKY-CALL-41000-2025-06,Synthetic NKY CALL 41000 2025 06 position,EQUITY,17.416235,,,28.025303,17.398819,17.433651,17.416235,LAST,SYNTHETIC_GENERATOR,2025-02-04T06:15:00Z
2025-02-05,NKY-CALL-41000-2025-06,Synthetic NKY CALL 41000 2025 06 position,EQUITY,17.345345,,,28.00244,17.328,17.36269,17.345345,LAST,SYNTHETIC_GENERATOR,2025-02-05T06:15:00Z
2025-02-06,NKY-CALL-41000-2025-06,Synthetic NKY CALL 41000 2025 06 position,EQUITY,17.157986,,,27.731985,17.140828,17.175144,17.157986,LAST,SYNTHETIC_GENERATOR,2025-02-06T06:15:00Z
2025-02-07,NKY-CALL-41000-2025-06,Synthetic NKY CALL 41000 2025 06 position,EQUITY,16.94685,,,27.650902,16.929903,16.963797,16.94685,LAST,SYNTHETIC_GENERATOR,2025-02-07T06:15:00Z
2025-02-10,NKY-CALL-41000-2025-06,Synthetic NKY CALL 41000 2025 06 position,EQUITY,17.136223,,,27.924607,17.119087,17.153359,17.136223,LAST,SYNTHETIC_GENERATOR,2025-02-10T06:15:00Z
2025-02-11,NKY-CALL-41000-2025-06,Synthetic NKY CALL 41000 2025 06 position,EQUITY,17.231118,,,28.142485,17.213887,17.248349,17.231118,LAST,SYNTHETIC_GENERATOR,2025-02-11T06:15:00Z
2025-02-12,NKY-CALL-41000-2025-06,Synthetic NKY CALL 41000 2025 06 position,EQUITY,17.150758,,,28.020273,17.133608,17.167909,17.150758,LAST,SYNTHETIC_GENERATOR,2025-02-12T06:15:00Z
2025-02-13,NKY-CALL-41000-2025-06,Synthetic NKY CALL 41000 2025 06 position,EQUITY,17.327353,,,27.866151,17.310026,17.34468,17.327353,LAST,SYNTHETIC_GENERATOR,2025-02-13T06:15:00Z
2025-02-14,NKY-CALL-41000-2025-06,Synthetic NKY CALL 41000 2025 06 position,EQUITY,17.276489,,,26.647667,17.259213,17.293766,17.276489,LAST,SYNTHETIC_GENERATOR,2025-02-14T06:15:00Z
2025-01-14,NKY-CALL-42000-2025-06,Synthetic NKY CALL 42000 2025 06 position,EQUITY,16.939739,,,26.058812,16.922799,16.956679,16.939739,LAST,SYNTHETIC_GENERATOR,2025-01-14T06:15:00Z
2025-01-15,NKY-CALL-42000-2025-06,Synthetic NKY CALL 42000 2025 06 position,EQUITY,16.782184,,,25.557533,16.765402,16.798967,16.782184,LAST,SYNTHETIC_GENERATOR,2025-01-15T06:15:00Z
2025-01-16,NKY-CALL-42000-2025-06,Synthetic NKY CALL 42000 2025 06 position,EQUITY,16.779723,,,25.629549,16.762943,16.796503,16.779723,LAST,SYNTHETIC_GENERATOR,2025-01-16T06:15:00Z
2025-01-17,NKY-CALL-42000-2025-06,Synthetic NKY CALL 42000 2025 06 position,EQUITY,16.512917,,,26.107446,16.496404,16.52943,16.512917,LAST,SYNTHETIC_GENERATOR,2025-01-17T06:15:00Z
2025-01-20,NKY-CALL-42000-2025-06,Synthetic NKY CALL 42000 2025 06 position,EQUITY,16.618705,,,26.196195,16.602086,16.635324,16.618705,LAST,SYNTHETIC_GENERATOR,2025-01-20T06:15:00Z
2025-01-21,NKY-CALL-42000-2025-06,Synthetic NKY CALL 42000 2025 06 position,EQUITY,16.632045,,,26.226634,16.615413,16.648677,16.632045,LAST,SYNTHETIC_GENERATOR,2025-01-21T06:15:00Z
2025-01-22,NKY-CALL-42000-2025-06,Synthetic NKY CALL 42000 2025 06 position,EQUITY,16.770072,,,25.979951,16.753302,16.786842,16.770072,LAST,SYNTHETIC_GENERATOR,2025-01-22T06:15:00Z
2025-01-23,NKY-CALL-42000-2025-06,Synthetic NKY CALL 42000 2025 06 position,EQUITY,16.625942,,,25.903414,16.609316,16.642568,16.625942,LAST,SYNTHETIC_GENERATOR,2025-01-23T06:15:00Z
2025-01-24,NKY-CALL-42000-2025-06,Synthetic NKY CALL 42000 2025 06 position,EQUITY,16.780671,,,25.964985,16.76389,16.797452,16.780671,LAST,SYNTHETIC_GENERATOR,2025-01-24T06:15:00Z
2025-01-27,NKY-CALL-42000-2025-06,Synthetic NKY CALL 42000 2025 06 position,EQUITY,16.901467,,,26.16686,16.884566,16.918368,16.901467,LAST,SYNTHETIC_GENERATOR,2025-01-27T06:15:00Z
2025-01-28,NKY-CALL-42000-2025-06,Synthetic NKY CALL 42000 2025 06 position,EQUITY,16.910419,,,26.219191,16.893509,16.92733,16.910419,LAST,SYNTHETIC_GENERATOR,2025-01-28T06:15:00Z
2025-01-29,NKY-CALL-42000-2025-06,Synthetic NKY CALL 42000 2025 06 position,EQUITY,16.825283,,,24.965714,16.808458,16.842109,16.825283,LAST,SYNTHETIC_GENERATOR,2025-01-29T06:15:00Z
2025-01-30,NKY-CALL-42000-2025-06,Synthetic NKY CALL 42000 2025 06 position,EQUITY,16.623108,,,25.120356,16.606485,16.639731,16.623108,LAST,SYNTHETIC_GENERATOR,2025-01-30T06:15:00Z
2025-01-31,NKY-CALL-42000-2025-06,Synthetic NKY CALL 42000 2025 06 position,EQUITY,16.555864,,,24.783733,16.539308,16.57242,16.555864,LAST,SYNTHETIC_GENERATOR,2025-01-31T06:15:00Z
2025-02-03,NKY-CALL-42000-2025-06,Synthetic NKY CALL 42000 2025 06 position,EQUITY,16.619668,,,24.638879,16.603049,16.636288,16.619668,LAST,SYNTHETIC_GENERATOR,2025-02-03T06:15:00Z
2025-02-04,NKY-CALL-42000-2025-06,Synthetic NKY CALL 42000 2025 06 position,EQUITY,16.831254,,,24.215511,16.814423,16.848086,16.831254,LAST,SYNTHETIC_GENERATOR,2025-02-04T06:15:00Z
2025-02-05,NKY-CALL-42000-2025-06,Synthetic NKY CALL 42000 2025 06 position,EQUITY,16.905315,,,24.37926,16.888409,16.92222,16.905315,LAST,SYNTHETIC_GENERATOR,2025-02-05T06:15:00Z
2025-02-06,NKY-CALL-42000-2025-06,Synthetic NKY CALL 42000 2025 06 position,EQUITY,17.042069,,,24.160019,17.025027,17.059111,17.042069,LAST,SYNTHETIC_GENERATOR,2025-02-06T06:15:00Z
2025-02-07,NKY-CALL-42000-2025-06,Synthetic NKY CALL 42000 2025 06 position,EQUITY,17.120011,,,25.288692,17.102891,17.137131,17.120011,LAST,SYNTHETIC_GENERATOR,2025-02-07T06:15:00Z
2025-02-10,NKY-CALL-42000-2025-06,Synthetic NKY CALL 42000 2025 06 position,EQUITY,17.137102,,,25.428399,17.119965,17.154239,17.137102,LAST,SYNTHETIC_GENERATOR,2025-02-10T06:15:00Z
2025-02-11,NKY-CALL-42000-2025-06,Synthetic NKY CALL 42000 2025 06 position,EQUITY,17.243879,,,26.216154,17.226635,17.261122,17.243879,LAST,SYNTHETIC_GENERATOR,2025-02-11T06:15:00Z
2025-02-12,NKY-CALL-42000-2025-06,Synthetic NKY CALL 42000 2025 06 position,EQUITY,17.312268,,,26.915942,17.294956,17.32958,17.312268,LAST,SYNTHETIC_GENERATOR,2025-02-12T06:15:00Z
2025-02-13,NKY-CALL-42000-2025-06,Synthetic NKY CALL 42000 2025 06 position,EQUITY,17.419429,,,26.931285,17.40201,17.436849,17.419429,LAST,SYNTHETIC_GENERATOR,2025-02-13T06:15:00Z
2025-02-14,NKY-CALL-42000-2025-06,Synthetic NKY CALL 42000 2025 06 position,EQUITY,17.729391,,,26.25449,17.711661,17.74712,17.729391,LAST,SYNTHETIC_GENERATOR,2025-02-14T06:15:00Z
2025-01-14,NKY-FUT-2025-06,Synthetic NKY FUT 2025 06 position,EQUITY,20977.220295,,,,20956.243075,20998.197515,20977.220295,LAST,SYNTHETIC_GENERATOR,2025-01-14T06:15:00Z
2025-01-15,NKY-FUT-2025-06,Synthetic NKY FUT 2025 06 position,EQUITY,20905.425712,,,,20884.520287,20926.331138,20905.425712,LAST,SYNTHETIC_GENERATOR,2025-01-15T06:15:00Z
2025-01-16,NKY-FUT-2025-06,Synthetic NKY FUT 2025 06 position,EQUITY,20983.498768,,,,20962.515269,21004.482267,20983.498768,LAST,SYNTHETIC_GENERATOR,2025-01-16T06:15:00Z
2025-01-17,NKY-FUT-2025-06,Synthetic NKY FUT 2025 06 position,EQUITY,21072.972401,,,,21051.899428,21094.045373,21072.972401,LAST,SYNTHETIC_GENERATOR,2025-01-17T06:15:00Z
2025-01-20,NKY-FUT-2025-06,Synthetic NKY FUT 2025 06 position,EQUITY,20952.374608,,,,20931.422233,20973.326982,20952.374608,LAST,SYNTHETIC_GENERATOR,2025-01-20T06:15:00Z
2025-01-21,NKY-FUT-2025-06,Synthetic NKY FUT 2025 06 position,EQUITY,20872.141999,,,,20851.269857,20893.014141,20872.141999,LAST,SYNTHETIC_GENERATOR,2025-01-21T06:15:00Z
2025-01-22,NKY-FUT-2025-06,Synthetic NKY FUT 2025 06 position,EQUITY,20895.155674,,,,20874.260518,20916.050829,20895.155674,LAST,SYNTHETIC_GENERATOR,2025-01-22T06:15:00Z
2025-01-23,NKY-FUT-2025-06,Synthetic NKY FUT 2025 06 position,EQUITY,20695.416338,,,,20674.720921,20716.111754,20695.416338,LAST,SYNTHETIC_GENERATOR,2025-01-23T06:15:00Z
2025-01-24,NKY-FUT-2025-06,Synthetic NKY FUT 2025 06 position,EQUITY,20942.659827,,,,20921.717167,20963.602486,20942.659827,LAST,SYNTHETIC_GENERATOR,2025-01-24T06:15:00Z
2025-01-27,NKY-FUT-2025-06,Synthetic NKY FUT 2025 06 position,EQUITY,20844.386504,,,,20823.542118,20865.230891,20844.386504,LAST,SYNTHETIC_GENERATOR,2025-01-27T06:15:00Z
2025-01-28,NKY-FUT-2025-06,Synthetic NKY FUT 2025 06 position,EQUITY,20634.373912,,,,20613.739538,20655.008286,20634.373912,LAST,SYNTHETIC_GENERATOR,2025-01-28T06:15:00Z
2025-01-29,NKY-FUT-2025-06,Synthetic NKY FUT 2025 06 position,EQUITY,20593.669661,,,,20573.075992,20614.263331,20593.669661,LAST,SYNTHETIC_GENERATOR,2025-01-29T06:15:00Z
2025-01-30,NKY-FUT-2025-06,Synthetic NKY FUT 2025 06 position,EQUITY,20697.163441,,,,20676.466278,20717.860605,20697.163441,LAST,SYNTHETIC_GENERATOR,2025-01-30T06:15:00Z
2025-01-31,NKY-FUT-2025-06,Synthetic NKY FUT 2025 06 position,EQUITY,20658.739862,,,,20638.081122,20679.398602,20658.739862,LAST,SYNTHETIC_GENERATOR,2025-01-31T06:15:00Z
2025-02-03,NKY-FUT-2025-06,Synthetic NKY FUT 2025 06 position,EQUITY,20589.89573,,,,20569.305834,20610.485626,20589.89573,LAST,SYNTHETIC_GENERATOR,2025-02-03T06:15:00Z
2025-02-04,NKY-FUT-2025-06,Synthetic NKY FUT 2025 06 position,EQUITY,20695.797361,,,,20675.101564,20716.493158,20695.797361,LAST,SYNTHETIC_GENERATOR,2025-02-04T06:15:00Z
2025-02-05,NKY-FUT-2025-06,Synthetic NKY FUT 2025 06 position,EQUITY,20805.081387,,,,20784.276306,20825.886469,20805.081387,LAST,SYNTHETIC_GENERATOR,2025-02-05T06:15:00Z
2025-02-06,NKY-FUT-2025-06,Synthetic NKY FUT 2025 06 position,EQUITY,20936.000703,,,,20915.064702,20956.936704,20936.000703,LAST,SYNTHETIC_GENERATOR,2025-02-06T06:15:00Z
2025-02-07,NKY-FUT-2025-06,Synthetic NKY FUT 2025 06 position,EQUITY,20839.571802,,,,20818.73223,20860.411374,20839.571802,LAST,SYNTHETIC_GENERATOR,2025-02-07T06:15:00Z
2025-02-10,NKY-FUT-2025-06,Synthetic NKY FUT 2025 06 position,EQUITY,20830.789803,,,,20809.959013,20851.620593,20830.789803,LAST,SYNTHETIC_GENERATOR,2025-02-10T06:15:00Z
2025-02-11,NKY-FUT-2025-06,Synthetic NKY FUT 2025 06 position,EQUITY,20889.406262,,,,20868.516856,20910.295669,20889.406262,LAST,SYNTHETIC_GENERATOR,2025-02-11T06:15:00Z
2025-02-12,NKY-FUT-2025-06,Synthetic NKY FUT 2025 06 position,EQUITY,20794.973196,,,,20774.178223,20815.768169,20794.973196,LAST,SYNTHETIC_GENERATOR,2025-02-12T06:15:00Z
2025-02-13,NKY-FUT-2025-06,Synthetic NKY FUT 2025 06 position,EQUITY,20683.967499,,,,20663.283531,20704.651466,20683.967499,LAST,SYNTHETIC_GENERATOR,2025-02-13T06:15:00Z
2025-02-14,NKY-FUT-2025-06,Synthetic NKY FUT 2025 06 position,EQUITY,21095.345612,,,,21074.250267,21116.440958,21095.345612,LAST,SYNTHETIC_GENERATOR,2025-02-14T06:15:00Z
2025-01-14,NKY-FUT-2025-09,Synthetic NKY FUT 2025 09 position,EQUITY,21113.419512,,,,21092.306092,21134.532931,21113.419512,LAST,SYNTHETIC_GENERATOR,2025-01-14T06:15:00Z
2025-01-15,NKY-FUT-2025-09,Synthetic NKY FUT 2025 09 position,EQUITY,20952.602495,,,,20931.649892,20973.555097,20952.602495,LAST,SYNTHETIC_GENERATOR,2025-01-15T06:15:00Z
2025-01-16,NKY-FUT-2025-09,Synthetic NKY FUT 2025 09 position,EQUITY,21067.407085,,,,21046.339678,21088.474492,21067.407085,LAST,SYNTHETIC_GENERATOR,2025-01-16T06:15:00Z
2025-01-17,NKY-FUT-2025-09,Synthetic NKY FUT 2025 09 position,EQUITY,21406.748906,,,,21385.342157,21428.155655,21406.748906,LAST,SYNTHETIC_GENERATOR,2025-01-17T06:15:00Z
2025-01-20,NKY-FUT-2025-09,Synthetic NKY FUT 2025 09 position,EQUITY,21466.67226,,,,21445.205587,21488.138932,21466.67226,LAST,SYNTHETIC_GENERATOR,2025-01-20T06:15:00Z
2025-01-21,NKY-FUT-2025-09,Synthetic NKY FUT 2025 09 position,EQUITY,21374.181464,,,,21352.807282,21395.555645,21374.181464,LAST,SYNTHETIC_GENERATOR,2025-01-21T06:15:00Z
2025-01-22,NKY-FUT-2025-09,Synthetic NKY FUT 2025 09 position,EQUITY,21365.548724,,,,21344.183175,21386.914272,21365.548724,LAST,SYNTHETIC_GENERATOR,2025-01-22T06:15:00Z
2025-01-23,NKY-FUT-2025-09,Synthetic NKY FUT 2025 09 position,EQUITY,21442.533768,,,,21421.091235,21463.976302,21442.533768,LAST,SYNTHETIC_GENERATOR,2025-01-23T06:15:00Z
2025-01-24,NKY-FUT-2025-09,Synthetic NKY FUT 2025 09 position,EQUITY,21755.112137,,,,21733.357025,21776.867249,21755.112137,LAST,SYNTHETIC_GENERATOR,2025-01-24T06:15:00Z
2025-01-27,NKY-FUT-2025-09,Synthetic NKY FUT 2025 09 position,EQUITY,21299.579854,,,,21278.280274,21320.879434,21299.579854,LAST,SYNTHETIC_GENERATOR,2025-01-27T06:15:00Z
2025-01-28,NKY-FUT-2025-09,Synthetic NKY FUT 2025 09 position,EQUITY,21358.468924,,,,21337.110455,21379.827393,21358.468924,LAST,SYNTHETIC_GENERATOR,2025-01-28T06:15:00Z
2025-01-29,NKY-FUT-2025-09,Synthetic NKY FUT 2025 09 position,EQUITY,21249.584125,,,,21228.334541,21270.833709,21249.584125,LAST,SYNTHETIC_GENERATOR,2025-01-29T06:15:00Z
2025-01-30,NKY-FUT-2025-09,Synthetic NKY FUT 2025 09 position,EQUITY,21107.508675,,,,21086.401167,21128.616184,21107.508675,LAST,SYNTHETIC_GENERATOR,2025-01-30T06:15:00Z
2025-01-31,NKY-FUT-2025-09,Synthetic NKY FUT 2025 09 position,EQUITY,21061.395857,,,,21040.334461,21082.457253,21061.395857,LAST,SYNTHETIC_GENERATOR,2025-01-31T06:15:00Z
2025-02-03,NKY-FUT-2025-09,Synthetic NKY FUT 2025 09 position,EQUITY,20941.475943,,,,20920.534467,20962.417419,20941.475943,LAST,SYNTHETIC_GENERATOR,2025-02-03T06:15:00Z
2025-02-04,NKY-FUT-2025-09,Synthetic NKY FUT 2025 09 position,EQUITY,21047.690363,,,,21026.642673,21068.738053,21047.690363,LAST,SYNTHETIC_GENERATOR,2025-02-04T06:15:00Z
2025-02-05,NKY-FUT-2025-09,Synthetic NKY FUT 2025 09 position,EQUITY,21292.161984,,,,21270.869822,21313.454146,21292.161984,LAST,SYNTHETIC_GENERATOR,2025-02-05T06:15:00Z
2025-02-06,NKY-FUT-2025-09,Synthetic NKY FUT 2025 09 position,EQUITY,20989.854431,,,,20968.864576,21010.844285,20989.854431,LAST,SYNTHETIC_GENERATOR,2025-02-06T06:15:00Z
2025-02-07,NKY-FUT-2025-09,Synthetic NKY FUT 2025 09 position,EQUITY,21148.277889,,,,21127.129611,21169.426167,21148.277889,LAST,SYNTHETIC_GENERATOR,2025-02-07T06:15:00Z
2025-02-10,NKY-FUT-2025-09,Synthetic NKY FUT 2025 09 position,EQUITY,21206.784207,,,,21185.577423,21227.990991,21206.784207,LAST,SYNTHETIC_GENERATOR,2025-02-10T06:15:00Z
2025-02-11,NKY-FUT-2025-09,Synthetic NKY FUT 2025 09 position,EQUITY,21084.079427,,,,21062.995347,21105.163506,21084.079427,LAST,SYNTHETIC_GENERATOR,2025-02-11T06:15:00Z
2025-02-12,NKY-FUT-2025-09,Synthetic NKY FUT 2025 09 position,EQUITY,20651.163371,,,,20630.512208,20671.814534,20651.163371,LAST,SYNTHETIC_GENERATOR,2025-02-12T06:15:00Z
2025-02-13,NKY-FUT-2025-09,Synthetic NKY FUT 2025 09 position,EQUITY,20889.237752,,,,20868.348514,20910.12699,20889.237752,LAST,SYNTHETIC_GENERATOR,2025-02-13T06:15:00Z
2025-02-14,NKY-FUT-2025-09,Synthetic NKY FUT 2025 09 position,EQUITY,20824.623524,,,,20803.7989,20845.448147,20824.623524,LAST,SYNTHETIC_GENERATOR,2025-02-14T06:15:00Z
2025-01-14,NKY-INDEX,Synthetic NKY equity index,EQUITY,21909.630487,,,,21887.720857,21931.540118,21909.630487,LAST,SYNTHETIC_GENERATOR,2025-01-14T06:15:00Z
2025-01-15,NKY-INDEX,Synthetic NKY equity index,EQUITY,21881.583889,,,,21859.702305,21903.465473,21881.583889,LAST,SYNTHETIC_GENERATOR,2025-01-15T06:15:00Z
2025-01-16,NKY-INDEX,Synthetic NKY equity index,EQUITY,22114.326875,,,,22092.212548,22136.441202,22114.326875,LAST,SYNTHETIC_GENERATOR,2025-01-16T06:15:00Z
2025-01-17,NKY-INDEX,Synthetic NKY equity index,EQUITY,22181.80287,,,,22159.621067,22203.984673,22181.80287,LAST,SYNTHETIC_GENERATOR,2025-01-17T06:15:00Z
2025-01-20,NKY-INDEX,Synthetic NKY equity index,EQUITY,22334.880213,,,,22312.545333,22357.215093,22334.880213,LAST,SYNTHETIC_GENERATOR,2025-01-20T06:15:00Z
2025-01-21,NKY-INDEX,Synthetic NKY equity index,EQUITY,22319.940579,,,,22297.620639,22342.26052,22319.940579,LAST,SYNTHETIC_GENERATOR,2025-01-21T06:15:00Z
2025-01-22,NKY-INDEX,Synthetic NKY equity index,EQUITY,22164.551676,,,,22142.387125,22186.716228,22164.551676,LAST,SYNTHETIC_GENERATOR,2025-01-22T06:15:00Z
2025-01-23,NKY-INDEX,Synthetic NKY equity index,EQUITY,22047.176365,,,,22025.129189,22069.223541,22047.176365,LAST,SYNTHETIC_GENERATOR,2025-01-23T06:15:00Z
2025-01-24,NKY-INDEX,Synthetic NKY equity index,EQUITY,22327.1398,,,,22304.81266,22349.46694,22327.1398,LAST,SYNTHETIC_GENERATOR,2025-01-24T06:15:00Z
2025-01-27,NKY-INDEX,Synthetic NKY equity index,EQUITY,22532.982923,,,,22510.44994,22555.515905,22532.982923,LAST,SYNTHETIC_GENERATOR,2025-01-27T06:15:00Z
2025-01-28,NKY-INDEX,Synthetic NKY equity index,EQUITY,22372.864378,,,,22350.491514,22395.237242,22372.864378,LAST,SYNTHETIC_GENERATOR,2025-01-28T06:15:00Z
2025-01-29,NKY-INDEX,Synthetic NKY equity index,EQUITY,22624.755613,,,,22602.130858,22647.380369,22624.755613,LAST,SYNTHETIC_GENERATOR,2025-01-29T06:15:00Z
2025-01-30,NKY-INDEX,Synthetic NKY equity index,EQUITY,22599.395381,,,,22576.795986,22621.994776,22599.395381,LAST,SYNTHETIC_GENERATOR,2025-01-30T06:15:00Z
2025-01-31,NKY-INDEX,Synthetic NKY equity index,EQUITY,22827.629018,,,,22804.801389,22850.456648,22827.629018,LAST,SYNTHETIC_GENERATOR,2025-01-31T06:15:00Z
2025-02-03,NKY-INDEX,Synthetic NKY equity index,EQUITY,22910.997513,,,,22888.086516,22933.908511,22910.997513,LAST,SYNTHETIC_GENERATOR,2025-02-03T06:15:00Z
2025-02-04,NKY-INDEX,Synthetic NKY equity index,EQUITY,22836.813019,,,,22813.976206,22859.649832,22836.813019,LAST,SYNTHETIC_GENERATOR,2025-02-04T06:15:00Z
2025-02-05,NKY-INDEX,Synthetic NKY equity index,EQUITY,22886.29195,,,,22863.405658,22909.178242,22886.29195,LAST,SYNTHETIC_GENERATOR,2025-02-05T06:15:00Z
2025-02-06,NKY-INDEX,Synthetic NKY equity index,EQUITY,23007.22664,,,,22984.219414,23030.233867,23007.22664,LAST,SYNTHETIC_GENERATOR,2025-02-06T06:15:00Z
2025-02-07,NKY-INDEX,Synthetic NKY equity index,EQUITY,23007.353889,,,,22984.346535,23030.361242,23007.353889,LAST,SYNTHETIC_GENERATOR,2025-02-07T06:15:00Z
2025-02-10,NKY-INDEX,Synthetic NKY equity index,EQUITY,23002.96559,,,,22979.962624,23025.968555,23002.96559,LAST,SYNTHETIC_GENERATOR,2025-02-10T06:15:00Z
2025-02-11,NKY-INDEX,Synthetic NKY equity index,EQUITY,23322.608012,,,,23299.285404,23345.93062,23322.608012,LAST,SYNTHETIC_GENERATOR,2025-02-11T06:15:00Z
2025-02-12,NKY-INDEX,Synthetic NKY equity index,EQUITY,23484.797804,,,,23461.313006,23508.282601,23484.797804,LAST,SYNTHETIC_GENERATOR,2025-02-12T06:15:00Z
2025-02-13,NKY-INDEX,Synthetic NKY equity index,EQUITY,23857.712535,,,,23833.854823,23881.570248,23857.712535,LAST,SYNTHETIC_GENERATOR,2025-02-13T06:15:00Z
2025-02-14,NKY-INDEX,Synthetic NKY equity index,EQUITY,23814.798991,,,,23790.984192,23838.61379,23814.798991,LAST,SYNTHETIC_GENERATOR,2025-02-14T06:15:00Z
2025-01-14,NKY-PUT-39000-2025-06,Synthetic NKY PUT 39000 2025 06 position,EQUITY,18.396971,,,26.41022,18.378574,18.415367,18.396971,LAST,SYNTHETIC_GENERATOR,2025-01-14T06:15:00Z
2025-01-15,NKY-PUT-39000-2025-06,Synthetic NKY PUT 39000 2025 06 position,EQUITY,18.433363,,,26.732793,18.414929,18.451796,18.433363,LAST,SYNTHETIC_GENERATOR,2025-01-15T06:15:00Z
2025-01-16,NKY-PUT-39000-2025-06,Synthetic NKY PUT 39000 2025 06 position,EQUITY,18.438179,,,26.867529,18.41974,18.456617,18.438179,LAST,SYNTHETIC_GENERATOR,2025-01-16T06:15:00Z
2025-01-17,NKY-PUT-39000-2025-06,Synthetic NKY PUT 39000 2025 06 position,EQUITY,18.621357,,,26.729165,18.602736,18.639979,18.621357,LAST,SYNTHETIC_GENERATOR,2025-01-17T06:15:00Z
2025-01-20,NKY-PUT-39000-2025-06,Synthetic NKY PUT 39000 2025 06 position,EQUITY,18.839131,,,25.98173,18.820291,18.85797,18.839131,LAST,SYNTHETIC_GENERATOR,2025-01-20T06:15:00Z
2025-01-21,NKY-PUT-39000-2025-06,Synthetic NKY PUT 39000 2025 06 position,EQUITY,19.001357,,,26.383414,18.982356,19.020358,19.001357,LAST,SYNTHETIC_GENERATOR,2025-01-21T06:15:00Z
2025-01-22,NKY-PUT-39000-2025-06,Synthetic NKY PUT 39000 2025 06 position,EQUITY,18.949661,,,25.414684,18.930712,18.968611,18.949661,LAST,SYNTHETIC_GENERATOR,2025-01-22T06:15:00Z
2025-01-23,NKY-PUT-39000-2025-06,Synthetic NKY PUT 39000 2025 06 position,EQUITY,18.894638,,,25.458059,18.875743,18.913533,18.894638,LAST,SYNTHETIC_GENERATOR,2025-01-23T06:15:00Z
2025-01-24,NKY-PUT-39000-2025-06,Synthetic NKY PUT 39000 2025 06 position,EQUITY,18.601986,,,24.942333,18.583384,18.620588,18.601986,LAST,SYNTHETIC_GENERATOR,2025-01-24T06:15:00Z
2025-01-27,NKY-PUT-39000-2025-06,Synthetic NKY PUT 39000 2025 06 position,EQUITY,18.382564,,,24.69847,18.364181,18.400946,18.382564,LAST,SYNTHETIC_GENERATOR,2025-01-27T06:15:00Z
2025-01-28,NKY-PUT-39000-2025-06,Synthetic NKY PUT 39000 2025 06 position,EQUITY,18.37877,,,24.957905,18.360391,18.397149,18.37877,LAST,SYNTHETIC_GENERATOR,2025-01-28T06:15:00Z
2025-01-29,NKY-PUT-39000-2025-06,Synthetic NKY PUT 39000 2025 06 position,EQUITY,18.298477,,,25.140207,18.280178,18.316775,18.298477,LAST,SYNTHETIC_GENERATOR,2025-01-29T06:15:00Z
2025-01-30,NKY-PUT-39000-2025-06,Synthetic NKY PUT 39000 2025 06 position,EQUITY,18.256883,,,24.891734,18.238626,18.275139,18.256883,LAST,SYNTHETIC_GENERATOR,2025-01-30T06:15:00Z
2025-01-31,NKY-PUT-39000-2025-06,Synthetic NKY PUT 39000 2025 06 position,EQUITY,18.431888,,,25.278593,18.413457,18.45032,18.431888,LAST,SYNTHETIC_GENERATOR,2025-01-31T06:15:00Z
2025-02-03,NKY-PUT-39000-2025-06,Synthetic NKY PUT 39000 2025 06 position,EQUITY,18.430396,,,24.124026,18.411966,18.448827,18.430396,LAST,SYNTHETIC_GENERATOR,2025-02-03T06:15:00Z
2025-02-04,NKY-PUT-39000-2025-06,Synthetic NKY PUT 39000 2025 06 position,EQUITY,18.401482,,,23.389032,18.38308,18.419883,18.401482,LAST,SYNTHETIC_GENERATOR,2025-02-04T06:15:00Z
2025-02-05,NKY-PUT-39000-2025-06,Synthetic NKY PUT 39000 2025 06 position,EQUITY,18.320432,,,23.531765,18.302111,18.338752,18.320432,LAST,SYNTHETIC_GENERATOR,2025-02-05T06:15:00Z
2025-02-06,NKY-PUT-39000-2025-06,Synthetic NKY PUT 39000 2025 06 position,EQUITY,18.623768,,,23.165871,18.605144,18.642392,18.623768,LAST,SYNTHETIC_GENERATOR,2025-02-06T06:15:00Z
2025-02-07,NKY-PUT-39000-2025-06,Synthetic NKY PUT 39000 2025 06 position,EQUITY,18.714802,,,22.548443,18.696088,18.733517,18.714802,LAST,SYNTHETIC_GENERATOR,2025-02-07T06:15:00Z
2025-02-10,NKY-PUT-39000-2025-06,Synthetic NKY PUT 39000 2025 06 position,EQUITY,18.659415,,,23.151513,18.640755,18.678074,18.659415,LAST,SYNTHETIC_GENERATOR,2025-02-10T06:15:00Z
2025-02-11,NKY-PUT-39000-2025-06,Synthetic NKY PUT 39000 2025 06 position,EQUITY,18.894388,,,24.137921,18.875494,18.913282,18.894388,LAST,SYNTHETIC_GENERATOR,2025-02-11T06:15:00Z
2025-02-12,NKY-PUT-39000-2025-06,Synthetic NKY PUT 39000 2025 06 position,EQUITY,19.055428,,,22.883042,19.036372,19.074483,19.055428,LAST,SYNTHETIC_GENERATOR,2025-02-12T06:15:00Z
2025-02-13,NKY-PUT-39000-2025-06,Synthetic NKY PUT 39000 2025 06 position,EQUITY,18.905021,,,23.364619,18.886116,18.923926,18.905021,LAST,SYNTHETIC_GENERATOR,2025-02-13T06:15:00Z
2025-02-14,NKY-PUT-39000-2025-06,Synthetic NKY PUT 39000 2025 06 position,EQUITY,18.708773,,,23.550575,18.690064,18.727482,18.708773,LAST,SYNTHETIC_GENERATOR,2025-02-14T06:15:00Z
